,season,sport,Players,College,ID
0,2008-09,Baseball,"[2541, 1437, 1075, 621, 2510, 396, 210, 1152, 2930, 2889, 2370, 1119, 226, 2741, 216, 590, 2060, 2719, 1001, 2084, 817, 2955, 639, 2991, 640, 87]",Yale,0
1,2012-13,Baseball,"[2262, 2504, 1114, 2496, 2155, 581, 1722, 482, 805, 993, 1260, 344, 627, 417, 1441, 630, 2268, 2858, 633, 1559, 1287, 492, 813]",Yale,1
2,2014-15,Baseball,"[984, 2262, 2504, 59, 986, 830, 1114, 2894, 598, 205, 54, 993, 344, 2025, 627, 417, 1441, 1255, 808, 630, 2268, 2858, 2859, 863, 2490, 2212, 813, 1151]",Yale,2
3,2016-17,Baseball,"[2693, 2843, 2852, 1151, 59, 205, 2212, 2490, 1776, 598, 54, 986, 830, 1255, 1128, 2859, 360, 2894, 2570, 2025, 2643, 863, 1590, 381, 2823, 758, 430, 2900, 84]",Yale,3
4,2009-10,Baseball,"[1075, 226, 1152, 2991, 2060, 2883, 492, 2541, 216, 2930, 1559, 1119, 633, 321, 663, 2741, 2955, 590, 2370, 1001, 2510, 210, 1437, 87, 2084, 2334, 621, 457, 2889]",Yale,4
5,2015-16,Baseball,"[2262, 2570, 59, 986, 830, 2843, 1128, 2894, 598, 2852, 205, 54, 2025, 627, 417, 1255, 630, 1776, 2858, 2643, 2859, 863, 2490, 2212, 360, 1151, 2693]",Yale,5
6,2011-12,Baseball,"[2504, 2334, 2541, 1114, 2496, 2155, 1722, 482, 805, 993, 1260, 344, 1441, 2370, 1119, 590, 663, 2268, 633, 1559, 1001, 492, 813]",Yale,6
7,2013-14,Baseball,"[2262, 2504, 830, 1114, 2496, 2155, 581, 598, 1722, 482, 205, 805, 54, 993, 1260, 344, 627, 417, 1441, 1255, 808, 630, 2268, 2858, 2490, 813, 1151]",Yale,7
8,2010-11,Baseball,"[2334, 2541, 2496, 2155, 1075, 1722, 482, 457, 805, 1260, 210, 1152, 2930, 321, 2370, 1119, 226, 216, 590, 663, 633, 2883, 1559, 2060, 1001, 492, 2955, 2991, 87]",Yale,8
9,2008-09,Basketball,"[2483, 610, 2431, 1547, 1076, 1522, 272, 424, 1121, 2451, 2528, 2391, 2875, 399, 2179, 2471, 88]",Yale,9
10,2003-04,Basketball,"[1336, 895, 2638, 67, 1551, 1554, 546, 2576, 1998, 853, 2049, 1596, 844, 2393, 1567, 331]",Yale,10
11,2012-13,Basketball,"[1737, 2948, 279, 1345, 2162, 1118, 1392, 2579, 1238, 313, 1398, 1595, 402, 2065, 2311]",Yale,11
12,2006-07,Basketball,"[1336, 610, 1547, 990, 1522, 272, 484, 2299, 546, 2576, 2044, 2528, 2391, 2875, 88]",Yale,12
13,2007-08,Basketball,"[610, 2431, 1547, 1076, 990, 1522, 272, 484, 2299, 2044, 2451, 2528, 2391, 2875, 2179, 88]",Yale,13
14,2014-15,Basketball,"[985, 279, 260, 2572, 1345, 1, 1738, 1118, 2658, 1948, 1238, 1801, 1595, 2065, 2311]",Yale,14
15,2004-05,Basketball,"[1336, 895, 990, 67, 1551, 484, 2299, 546, 2576, 2044, 1998, 853, 844]",Yale,15
16,2016-17,Basketball,"[260, 995, 62, 985, 1948, 2882, 2040, 320, 1516, 2229, 1, 1801, 375, 2833, 2572]",Yale,16
17,2009-10,Basketball,"[2483, 2431, 1547, 1522, 2162, 424, 1121, 2451, 2579, 313, 2391, 2179, 2471, 88]",Yale,17
18,2005-06,Basketball,"[1336, 610, 990, 272, 1551, 484, 2299, 546, 2576, 2044, 853, 2528, 2875, 888, 2474]",Yale,18
19,2015-16,Basketball,"[985, 62, 260, 2572, 1, 1738, 2040, 899, 1948, 2882, 375, 1801, 2833, 1595, 402, 2311]",Yale,19
20,2011-12,Basketball,"[2483, 2944, 2948, 279, 1345, 2162, 424, 1118, 1392, 1121, 2579, 313, 1398, 1215, 402, 2065, 2471]",Yale,20
21,2013-14,Basketball,"[1738, 2948, 279, 260, 2572, 1345, 1, 1227, 1118, 1392, 1238, 1398, 1215, 1595, 402, 2065, 2311]",Yale,21
22,2010-11,Basketball,"[2483, 2944, 2431, 120, 2162, 424, 1118, 1392, 1121, 2451, 2579, 313, 1398, 1215, 2471]",Yale,22
23,2008-09,Crew (Heavyweight),"[1532, 1532, 2067, 353, 353, 851, 851, 2455, 2455, 709, 1961, 1174, 1174, 196, 2821, 2821, 1681, 854, 854, 948, 1195, 2928, 355, 355, 832, 832, 783, 783, 99, 99, 855, 867, 867, 2855, 2512, 2513, 2335, 2335, 1508, 1508, 2715, 2423, 2715, 975, 975, 1041, 1041, 1088, 1088, 1497, 2430, 2383, 2383, 358, 358, 1476, 592, 1685, 1685, 1154, 2081, 2081, 2280, 2280, 2651, 2927, 1155, 268, 268, 1896, 1105, 1775, 1192, 1308, 2387, 2692, 2244, 2244, 1016, 1054, 1054]",Yale,23
24,2010-11,Crew (Heavyweight),"[1532, 1294, 353, 2339, 851, 1961, 2849, 2340, 355, 520, 832, 2994, 2379, 783, 99, 1093, 855, 867, 1829, 2855, 1214, 2512, 1508, 2715, 2423, 2514, 1088, 1497, 511, 2383, 1108, 1685, 1154, 2081, 2280, 2927, 1155, 1110, 1199, 2355, 1719, 2282, 2387, 2692, 2244, 1054, 670]",Yale,24
25,2013-14,Crew (Heavyweight),"[1292, 692, 1172, 616, 2990, 802, 2340, 2265, 2511, 2390, 2994, 2690, 2286, 1093, 1918, 1829, 1236, 116, 2514, 2518, 933, 1108, 2831, 887, 1479, 2969, 1611, 935, 27, 2355, 2523, 1790, 1187, 1914, 2349]",Yale,25
26,2014-15,Crew (Heavyweight),"[1292, 692, 1172, 616, 464, 802, 1533, 2265, 858, 2683, 2598, 2511, 2390, 2690, 2286, 1725, 1093, 1918, 1106, 1236, 116, 2518, 933, 2353, 2831, 1895, 887, 1479, 2969, 1611, 27, 1790, 707, 2415, 1187, 1914, 2349]",Yale,26
27,2011-12,Crew (Heavyweight),"[153, 1532, 692, 353, 556, 2849, 1067, 2340, 1885, 2994, 2690, 2095, 99, 1093, 1829, 2855, 2997, 1508, 2423, 2514, 1497, 1108, 1685, 1154, 2969, 503, 935, 1110, 1199, 2355, 2523, 1914, 2244]",Yale,27
28,2009-10,Crew (Heavyweight),"[1532, 353, 851, 2455, 1961, 1174, 2821, 854, 1195, 355, 1196, 832, 783, 99, 855, 867, 2855, 2512, 2335, 1508, 2715, 2423, 975, 1088, 1497, 511, 2383, 1685, 1154, 2081, 2280, 2927, 1198, 1155, 268, 1896, 1105, 1192, 1308, 2387, 2692, 2244]",Yale,28
29,2012-13,Crew (Heavyweight),"[692, 1172, 1311, 616, 802, 2340, 2994, 2690, 2095, 1093, 1918, 1829, 2855, 2423, 1236, 2514, 1497, 933, 1108, 2831, 1154, 314, 887, 2969, 1611, 503, 935, 27, 1110, 1199, 2355, 2523, 1187, 1914, 1012, 273]",Yale,29
30,2015-16,Crew (Heavyweight),"[383, 1292, 2662, 1172, 2683, 616, 464, 802, 1533, 588, 1220, 2824, 2265, 858, 2598, 2511, 2390, 209, 2286, 1725, 1918, 74, 1106, 605, 1562, 1236, 2518, 232, 2353, 2831, 1239, 1895, 887, 2723, 1479, 1610, 27, 1790, 707, 1187, 1243, 2349, 2417]",Yale,30
31,2012-13,Crew (Lightweight),"[865, 493, 392, 898, 800, 2070, 2404, 2071, 1060, 2964, 2825, 1534, 408, 1117, 1125, 2278, 2639, 374, 1068, 2937, 1556, 2079, 2382, 2603, 1563, 2083, 102, 1543, 2834, 223, 2415, 1203, 668, 319, 882, 1244, 2517]",Yale,31
32,2014-15,Crew (Lightweight),"[865, 2326, 898, 2071, 989, 2825, 875, 97, 655, 2965, 1125, 460, 2278, 7, 409, 624, 374, 2397, 1201, 1068, 2215, 2289, 1150, 2083, 1186, 102, 28, 2972, 319, 1244, 300, 2517]",Yale,32
33,2016-17,Crew (Lightweight),"[1887, 1290, 2326, 1291, 4, 1079, 2508, 989, 1723, 875, 2433, 97, 2965, 98, 7, 2074, 2689, 409, 624, 1726, 2397, 2170, 1536, 2076, 2288, 868, 426, 2454, 2315, 998, 786, 2289, 1150, 2691, 1186, 28, 2972, 103, 300, 1530]",Yale,33
34,2009-10,Crew (Lightweight),"[1018, 569, 493, 800, 2987, 2154, 2881, 507, 1060, 2596, 711, 2472, 2739, 2964, 2161, 2218, 1456, 203, 408, 1117, 1393, 2639, 2164, 806, 2379, 861, 2167, 2937, 2489, 22, 37, 628, 2327, 413, 2107, 2441, 662, 2382, 218, 2695, 25, 785, 1607, 1563, 2713, 1979, 1541, 2834, 894, 668, 2291, 2975]",Yale,34
35,2015-16,Crew (Lightweight),"[1887, 865, 2326, 1291, 898, 557, 2508, 989, 2825, 875, 97, 2965, 2278, 7, 2074, 409, 624, 1726, 2397, 2170, 1536, 1201, 2076, 2288, 2454, 2315, 1351, 1068, 998, 2289, 1150, 2083, 2691, 1186, 28, 2972, 319, 300, 1530]",Yale,35
36,2011-12,Crew (Lightweight),"[1742, 569, 1098, 493, 392, 800, 2070, 2404, 2071, 2361, 2964, 2161, 1534, 1458, 408, 1125, 2639, 806, 2937, 36, 1556, 975, 2421, 661, 2079, 2382, 664, 2695, 785, 1563, 2215, 2971, 102, 2834, 223, 1203, 668, 814, 1488, 2517, 1492]",Yale,36
37,2013-14,Crew (Lightweight),"[865, 938, 2326, 392, 898, 2752, 2071, 1034, 989, 2825, 1723, 97, 655, 408, 1125, 98, 2278, 7, 409, 374, 1297, 1556, 1207, 2079, 1068, 2215, 1150, 2083, 1512, 102, 10, 1203, 2972, 319, 1244, 300, 2517]",Yale,37
38,2010-11,Crew (Lightweight),"[569, 493, 800, 2070, 2404, 2154, 2881, 507, 1060, 2596, 711, 2472, 2361, 2964, 2161, 203, 1534, 408, 1117, 806, 861, 2937, 1556, 628, 975, 2107, 2421, 662, 2079, 2382, 664, 218, 2695, 25, 785, 1607, 1563, 2215, 935, 2834, 1203, 668, 461, 814, 2291, 2975]",Yale,38
39,2012-13,Cross Country,"[45, 52, 2958, 775, 61, 2156, 1721, 823, 2853, 2845, 2577, 2552, 1729, 1470, 100, 1471, 2400, 2078, 2102, 2176, 1206, 2219, 1263, 2085, 870]",Yale,39
40,2014-15,Cross Country,"[52, 2540, 543, 2033, 61, 2841, 1721, 2545, 2827, 804, 20, 185, 1470, 1471, 2640, 1226, 2102, 1206, 1302, 1131, 1263, 2714, 499, 870]",Yale,40
41,2016-17,Cross Country,"[2540, 2989, 543, 2033, 2841, 2545, 2827, 20, 185, 2634, 878, 1298, 1507, 2640, 281, 1302, 2880, 1131, 2413, 139, 2714, 499, 318, 2366, 2185]",Yale,41
42,2009-10,Cross Country,"[2029, 1720, 2091, 727, 823, 73, 2577, 626, 1729, 2578, 1285, 1362, 2176, 2275, 634, 1582, 2085, 2106, 1309]",Yale,42
43,2015-16,Cross Country,"[2540, 2989, 543, 2033, 61, 2841, 1721, 2545, 2827, 20, 185, 878, 1470, 2640, 1226, 2102, 1302, 2880, 1131, 2714, 499, 870, 2366]",Yale,43
44,2011-12,Cross Country,"[2578, 2085, 52, 775, 1580, 2156, 727, 823, 2853, 372, 2577, 2552, 1729, 1471, 1285, 2078, 2176, 1206, 2275, 2219, 1263, 1582]",Yale,44
45,2013-14,Cross Country,"[45, 52, 2946, 61, 2841, 2156, 1721, 2545, 764, 2853, 804, 185, 2552, 1471, 2078, 2102, 1206, 1302, 2219, 1263, 1304, 2714, 870]",Yale,45
46,2010-11,Cross Country,"[2029, 2156, 803, 727, 823, 372, 2577, 2552, 1729, 2578, 1285, 1362, 2275, 634, 1582, 2085, 2106, 1309]",Yale,46
47,2008-09,Fencing,"[2819, 2277, 2654, 95, 19, 39, 2794, 1457, 467, 207, 1503, 2681, 2075, 2338, 1531, 2175, 379, 2746]",Yale,47
48,2012-13,Fencing,"[2263, 2571, 2405, 1431, 892, 848, 357, 1188, 1262, 739, 836, 857, 2290, 433, 2980, 2976]",Yale,48
49,2014-15,Fencing,"[2571, 1431, 892, 848, 1062, 1188, 1197, 1262, 836, 2468, 1265, 825, 324, 433, 2394, 2980]",Yale,49
50,2016-17,Fencing,"[47, 283, 2752, 1799, 2696, 778, 1951, 2932, 1062, 1197, 1208, 2600, 2468, 324, 2394, 1513]",Yale,50
51,2009-10,Fencing,"[2681, 2290, 2976]",Yale,51
52,2015-16,Fencing,"[283, 2752, 2696, 778, 1431, 892, 848, 2932, 1062, 1197, 1511, 836, 2600, 2468, 324, 433, 2394, 2980]",Yale,52
53,2011-12,Fencing,"[2263, 2571, 95, 2405, 1531, 1502, 19, 39, 2794, 1503, 2681, 357, 717, 1188, 379, 1262, 739, 2182, 2290, 2976]",Yale,53
54,2013-14,Fencing,"[2571, 2405, 1502, 1431, 892, 848, 357, 1062, 1188, 1197, 1262, 739, 836, 2468, 1265, 433, 2980]",Yale,54
55,2010-11,Fencing,"[2276, 2405, 95, 1531, 19, 39, 2794, 1503, 2681, 357, 2398, 717, 379, 739, 2290, 2976]",Yale,55
56,2008-09,Football,"[380, 1804, 2906, 340, 860, 2402, 2664, 57, 2028, 58, 2264, 612, 2403, 801, 339, 2272, 1496, 1095, 796, 2892, 1438, 542, 1334, 1085, 1704, 1035, 1520, 465, 1357, 2548, 693, 1521, 2160, 2493, 545, 68, 991, 1552, 0, 1800, 818, 2844, 390, 457, 1440, 1785, 1523, 1553, 2874, 2666, 469, 2042, 1805, 1282, 1555, 715, 2473, 1107, 2856, 2580, 2857, 1284, 2210, 2211, 2047, 347, 24, 2380, 631, 2742, 2939, 2100, 1594, 1474, 740, 1340, 217, 2758, 1475, 1341, 2054, 2940, 1349, 2056, 1399, 2520, 2392, 1350, 2373, 2754, 26, 2305, 401, 2487, 2385, 1483, 1333, 2307, 485, 2109, ...]",Yale,56
57,2003-04,Football,"[190, 2538, 568, 2066, 2839, 611, 2748, 1293, 259, 2522, 1703, 2959, 341, 17, 193, 194, 2368, 2295, 831, 2506, 2031, 2333, 419, 389, 2356, 2949, 158, 2790, 2904, 2961, 617, 763, 619, 472, 1831, 2157, 393, 2851, 2749, 1712, 394, 63, 2847, 362, 495, 1548, 622, 2041, 1960, 706, 574, 2526, 2266, 2204, 1329, 2966, 1061, 1463, 1225, 2551, 807, 1281, 1424, 1997, 2267, 2046, 213, 1426, 1347, 1728, 1500, 2716, 1832, 886, 2898, 629, 2159, 2166, 2498, 2174, 798, 1361, 2050, 1123, 862, 2805, 632, 2452, 462, 219, 2786, 1557, 1501, 1420, 846, 757, 2374, 856, 2308, 1527, ...]",Yale,57
58,2012-13,Football,"[2151, 2089, 3, 2152, 721, 614, 1754, 2737, 342, 2237, 310, 1782, 704, 2960, 2532, 18, 581, 2296, 137, 620, 874, 1454, 2547, 815, 1176, 2938, 138, 2785, 1905, 1684, 1796, 1524, 1040, 1601, 2521, 345, 509, 2301, 425, 2168, 322, 2655, 1906, 2897, 2953, 2371, 387, 2977, 263, 631, 2939, 2381, 2099, 2304, 1473, 335, 2424, 2537, 1477, 829, 2213, 316, 838, 871, 2082, 1481, 835, 498, 1363, 1886, 2745, 2562, 1779, 1306, 1715, 1910, 377, 2365, 2836, 29, 2901, 2973, 1112, 1792, 1003, 2645]",Yale,58
59,2006-07,Football,"[380, 1804, 2906, 611, 2748, 2403, 2200, 1496, 1452, 2035, 2790, 418, 796, 2892, 763, 1213, 1438, 1334, 1831, 2203, 1704, 394, 1520, 2548, 1439, 2493, 545, 466, 1888, 0, 1800, 1328, 816, 2844, 2533, 390, 1440, 1785, 1553, 574, 2874, 403, 1329, 700, 2073, 508, 1803, 2666, 469, 2042, 49, 1424, 2473, 1426, 1347, 1728, 214, 1107, 2856, 2580, 886, 1730, 2857, 629, 2498, 2174, 2211, 347, 798, 1360, 2742, 2050, 2100, 1594, 740, 1340, 1349, 2056, 2057, 1748, 315, 2520, 2392, 1350, 1557, 2754, 26, 2744, 401, 2487, 2385, 1000, 1483, 757, 768, 809, 1333, 2062, 1777, 637, ...]",Yale,59
60,2007-08,Football,"[380, 1804, 2906, 2402, 2664, 57, 2264, 612, 2403, 2272, 1496, 1095, 1452, 2035, 796, 2892, 1213, 1438, 619, 1334, 1831, 2203, 1704, 1520, 2548, 1521, 1439, 2493, 545, 68, 1888, 0, 1800, 1328, 2844, 390, 457, 1440, 1785, 1553, 2874, 403, 2073, 1803, 2666, 469, 2042, 2495, 49, 1282, 2473, 214, 1107, 2856, 2580, 2857, 2211, 2047, 347, 348, 1360, 24, 470, 2380, 2742, 2100, 1594, 1474, 740, 1340, 217, 1475, 1341, 2054, 2940, 1349, 2056, 2057, 1748, 1399, 2520, 2392, 1350, 2373, 2754, 26, 2744, 401, 2487, 2385, 1000, 1483, 768, 350, 809, 1333, 2307, 485, 2062, 2308, ...]",Yale,60
61,2014-15,Football,"[1337, 698, 3, 1171, 2736, 1450, 352, 2152, 1494, 2947, 2737, 1736, 342, 1156, 310, 1782, 704, 1366, 2450, 794, 884, 2960, 2507, 18, 581, 2284, 2842, 2527, 1454, 2920, 815, 2024, 728, 2247, 2408, 1274, 756, 1835, 2285, 761, 1684, 1460, 468, 373, 184, 1796, 334, 208, 1040, 1678, 2478, 1601, 2521, 345, 509, 1467, 1798, 212, 2301, 322, 2655, 1289, 1906, 797, 2897, 1617, 1074, 2371, 2710, 2525, 2009, 263, 1050, 2080, 829, 2213, 316, 505, 2516, 2242, 838, 871, 376, 2082, 1240, 2712, 839, 1363, 1886, 2745, 2180, 1257, 2562, 432, 2365, 736, 2836, 29, 2901, 2973, ...]",Yale,61
62,2004-05,Football,"[2538, 2066, 2839, 611, 2748, 1293, 259, 2959, 341, 17, 193, 194, 2295, 2506, 2031, 419, 1452, 2035, 158, 2790, 418, 2904, 2961, 617, 763, 619, 472, 1831, 2157, 2203, 393, 1712, 394, 63, 2847, 362, 1439, 622, 466, 1888, 1328, 2041, 706, 2533, 574, 2526, 2266, 2204, 403, 1329, 2073, 1061, 1803, 1463, 1225, 49, 2551, 807, 1424, 1997, 2207, 2046, 213, 1426, 1347, 1728, 214, 1500, 2716, 886, 1730, 2898, 629, 2159, 2166, 2498, 2174, 798, 1360, 2641, 2742, 1361, 2050, 862, 2805, 2055, 2452, 462, 2057, 1748, 219, 1557, 400, 2744, 846, 757, 768, 809, 329, 2374, ...]",Yale,62
63,2016-17,Football,"[761, 378, 2004, 1949, 2527, 2655, 50, 1275, 1778, 505, 478, 1678, 2180, 2920, 2876, 2710, 1289, 2736, 1245, 2947, 2466, 208, 1257, 1171, 2712, 2542, 2450, 1337, 2872, 477, 1612, 2080, 2687, 1050, 1252, 1788, 1156, 1332, 432, 776, 421, 839, 1181, 1784, 410, 93, 1224, 797, 794, 2434, 87, 2435, 468, 2642, 2478, 1274, 1460, 884, 2587, 2709, 2557, 1561, 659, 1581, 455, 780, 2525, 1189, 698, 1494, 184, 1317, 1736, 1366, 1266, 1264, 2469, 334, 847, 1897, 2747, 2024, 1235, 1421, 2753, 1617, 1835, 66, 376, 2247, 2507, 669, 728, 1466, 841, 1077, 1229, 1240, 2285, 2284, ...]",Yale,63
64,2009-10,Football,"[1804, 340, 860, 2402, 2664, 57, 2028, 721, 58, 2264, 612, 801, 339, 2272, 1517, 1518, 2237, 1496, 1095, 2532, 2296, 137, 542, 620, 874, 1085, 845, 1035, 2547, 1520, 465, 1357, 1067, 693, 1521, 2493, 68, 991, 1552, 0, 818, 2844, 138, 457, 1905, 1523, 2874, 582, 2409, 1592, 1524, 1996, 2042, 1282, 1555, 715, 2473, 425, 2856, 1359, 2857, 2953, 2210, 2047, 347, 24, 2380, 631, 2939, 2100, 1594, 1474, 740, 2424, 217, 2758, 1475, 2537, 2054, 1477, 315, 1399, 2520, 2392, 1481, 835, 2373, 2305, 401, 2487, 1483, 485, 636, 1344, 2467, 638, 2789, 1288, 1779, 474, ...]",Yale,64
65,2005-06,Football,"[380, 1804, 190, 2906, 2066, 611, 2748, 2959, 2403, 194, 2031, 2200, 2333, 1452, 2035, 2790, 418, 796, 2892, 763, 1438, 619, 1334, 1831, 2157, 2203, 393, 1704, 394, 63, 2847, 2548, 1439, 622, 545, 2793, 466, 1888, 1800, 1328, 816, 2041, 2533, 390, 1440, 1785, 1553, 574, 1724, 2204, 403, 1329, 2854, 2073, 1803, 2666, 469, 49, 807, 1424, 1997, 2207, 1426, 1347, 1728, 214, 1500, 1107, 2716, 2580, 886, 1730, 2898, 629, 2498, 2174, 2211, 798, 1360, 2641, 2742, 1361, 2050, 862, 1340, 1349, 2056, 462, 2057, 1748, 219, 1350, 1557, 400, 2754, 26, 2744, 2385, 757, 1484, ...]",Yale,65
66,2015-16,Football,"[1337, 698, 3, 1193, 1171, 1332, 2736, 352, 2152, 1494, 2947, 2737, 1736, 1156, 310, 704, 1366, 2450, 794, 884, 2507, 2284, 2842, 776, 2527, 2920, 1784, 2407, 2024, 728, 2247, 66, 2408, 1274, 756, 1835, 1317, 2285, 761, 1684, 2435, 1460, 378, 468, 373, 184, 334, 780, 208, 1678, 2478, 1252, 2521, 345, 509, 455, 1466, 1798, 212, 1235, 2469, 2655, 1289, 1906, 797, 1617, 1788, 659, 477, 2371, 2525, 2009, 2876, 263, 869, 1789, 1300, 1612, 2557, 890, 1050, 2080, 2642, 2004, 2213, 316, 505, 2242, 1224, 838, 871, 376, 2082, 1240, 2712, 839, 1264, 1886, 1189, 2180, ...]",Yale,66
67,2011-12,Football,"[1780, 2151, 340, 860, 2028, 1232, 721, 58, 2979, 614, 1754, 1517, 342, 2237, 1115, 1782, 2960, 1095, 2532, 18, 883, 581, 1683, 2296, 137, 1030, 542, 620, 874, 1085, 1454, 1035, 2547, 465, 1067, 2093, 64, 693, 815, 1176, 2938, 1552, 818, 138, 2785, 1905, 1523, 2921, 582, 1796, 1040, 1601, 715, 2301, 425, 2168, 1253, 2897, 1359, 2953, 2210, 2977, 2372, 2939, 2381, 2099, 2337, 2304, 1473, 335, 2424, 2537, 1477, 315, 829, 1481, 835, 498, 1363, 2305, 1287, 1482, 2745, 636, 1344, 2063, 2467, 2562, 1288, 1779, 1306, 1715, 85, 900, 2365, 2973, 1112, 1792, 1489, 2645, ...]",Yale,67
68,2013-14,Football,"[3, 352, 2152, 614, 1754, 2737, 1736, 342, 310, 1782, 704, 2960, 2507, 18, 581, 1683, 874, 1454, 2920, 815, 2024, 1176, 2247, 2938, 2408, 756, 1835, 761, 2785, 1684, 468, 1796, 334, 1524, 1040, 2478, 1601, 2521, 345, 509, 1467, 212, 2301, 425, 2168, 322, 2655, 1906, 797, 2897, 1074, 2371, 2710, 2009, 2977, 263, 869, 2381, 2099, 2304, 1050, 1473, 336, 829, 2213, 316, 505, 2516, 2242, 838, 871, 376, 2082, 1240, 835, 2712, 498, 1363, 1886, 2745, 636, 1257, 2562, 432, 1715, 377, 2365, 736, 2836, 29, 2901, 2973, 1112, 1792, 1003]",Yale,68
69,2010-11,Football,"[1780, 2151, 340, 860, 2664, 57, 2028, 721, 58, 612, 614, 1754, 1517, 1518, 2237, 1115, 1095, 2532, 1683, 2296, 137, 542, 620, 874, 1085, 845, 1035, 2547, 465, 1357, 1067, 64, 693, 1521, 1176, 2938, 68, 991, 1552, 818, 138, 2785, 457, 1905, 1523, 582, 1592, 1282, 715, 425, 2168, 1253, 1359, 2857, 2953, 2210, 2047, 24, 2939, 2099, 2337, 2304, 1473, 1474, 335, 2424, 217, 1475, 2537, 2879, 2054, 1477, 315, 829, 1399, 1481, 835, 2373, 498, 2305, 1287, 485, 636, 2109, 1344, 2467, 638, 1109, 1288, 1779, 1306, 1715, 85, 900, 1964, 769, 1792, 1489, 2645, 2653, ...]",Yale,69
70,2008-09,Golf,"[2546, 2158, 2826, 2663, 2795, 1364, 398, 2830, 703, 2998, 351]",Yale,70
71,2003-04,Golf,"[1066, 96, 2750, 656, 2279, 356, 765, 738, 1999, 1539, 2492, 1342, 2835, 224]",Yale,71
72,2012-13,Golf,"[2569, 2962, 2647, 2828, 2536, 388, 2169, 1472, 2998, 735, 541, 1444]",Yale,72
73,2006-07,Golf,"[199, 2826, 2663, 2795, 1535, 2279, 738, 1999, 703, 1539, 351]",Yale,73
74,2007-08,Golf,"[199, 2826, 2663, 2795, 1535, 398, 2830, 703, 351]",Yale,74
75,2014-15,Golf,"[2945, 1173, 2962, 2828, 1505, 1472, 2303, 1301, 1842, 1444]",Yale,75
76,2004-05,Golf,"[1066, 199, 2072, 2750, 1535, 656, 2279, 765, 738, 1999, 1539, 2492, 1342, 224, 2491]",Yale,76
77,2016-17,Golf,"[2945, 1173, 992, 1505, 1283, 983, 1300, 1842, 1529]",Yale,77
78,2009-10,Golf,"[2546, 2158, 2663, 1364, 2536, 388, 398, 2830, 2425, 2998, 541, 351]",Yale,78
79,2005-06,Golf,"[1066, 199, 2826, 2795, 656, 2279, 765, 738, 1999, 703, 1539, 2492]",Yale,79
80,2015-16,Golf,"[2945, 1173, 1505, 1283, 983, 2303, 1300, 1301, 1842, 1444]",Yale,80
81,2011-12,Golf,"[2569, 2962, 2828, 1364, 2536, 388, 2169, 1472, 2998, 541]",Yale,81
82,2013-14,Golf,"[2569, 2962, 2647, 2828, 1505, 2169, 1472, 2303, 1301, 1842, 1444]",Yale,82
83,2010-11,Golf,"[2569, 2158, 2647, 1364, 2536, 388, 2169, 398, 2830, 2998, 541]",Yale,83
84,2012-13,Ice Hockey,"[1713, 1545, 2068, 696, 540, 261, 713, 2861, 2043, 266, 701, 1358, 2302, 215, 2499, 2558, 583, 1400, 2878, 86, 2292, 726, 2756, 2225, 1129]",Yale,84
85,2014-15,Ice Hockey,"[1449, 2068, 2840, 540, 261, 1057, 2201, 2861, 1179, 1459, 2549, 623, 2043, 21, 701, 76, 2499, 766, 2558, 583, 2269, 2878, 2386, 86, 2292, 726, 2756, 2225]",Yale,85
86,2016-17,Ice Hockey,"[2586, 21, 766, 2036, 367, 1442, 2950, 2502, 575, 201, 1036, 2227, 1179, 265, 1057, 2269, 2804, 1449, 1459, 1228, 587, 2201, 623, 1909, 2549, 2386, 737]",Yale,86
87,2009-10,Ice Hockey,"[1355, 1993, 2646, 1545, 366, 579, 2850, 2544, 713, 1397, 2300, 827, 266, 1727, 453, 1358, 2302, 1427, 412, 2209, 215, 427, 767, 1732, 2560, 1705, 571]",Yale,87
88,2015-16,Ice Hockey,"[1449, 2068, 540, 587, 1057, 2201, 201, 1179, 2804, 1459, 2549, 623, 21, 701, 76, 2499, 766, 2558, 583, 1228, 2269, 1442, 2386, 2586, 265, 2756, 2225]",Yale,88
89,2011-12,Ice Hockey,"[1713, 1545, 696, 579, 359, 261, 713, 2861, 2300, 2043, 266, 1727, 1358, 2302, 215, 427, 767, 1732, 385, 1400, 2878, 86, 2292, 726, 1129, 571]",Yale,89
90,2013-14,Ice Hockey,"[1713, 2068, 2840, 540, 261, 1057, 2201, 2861, 1459, 623, 2043, 701, 76, 2499, 766, 2558, 583, 1400, 2878, 2386, 86, 2292, 726, 2756, 2225, 1129]",Yale,90
91,2010-11,Ice Hockey,"[1713, 1355, 1545, 696, 579, 615, 713, 1397, 2300, 827, 266, 1727, 453, 1358, 2302, 1427, 412, 2209, 215, 427, 767, 1732, 385, 2560, 1400, 1705, 1129, 571]",Yale,91
92,2012-13,Lacrosse,"[1448, 799, 2153, 53, 2665, 197, 1425, 130, 714, 1995, 2420, 2411, 2165, 1153, 1506, 879, 2171, 1254, 397, 2554, 2173, 1230, 1237, 79, 996, 2476, 731, 101, 2178, 1478, 1509, 2652, 2105, 2414, 2667, 1307, 1747]",Yale,92
93,2014-15,Lacrosse,"[1337, 1233, 586, 799, 2153, 53, 2665, 1356, 130, 714, 1995, 1178, 2419, 2354, 2165, 657, 1843, 1153, 1468, 729, 2412, 504, 1230, 2555, 880, 996, 2476, 1395, 731, 428, 2178, 1478, 1509, 349, 730, 2954, 999, 2652, 2667, 1307, 2902]",Yale,93
94,2016-17,Lacrosse,"[1251, 349, 1542, 1453, 999, 411, 1843, 317, 454, 1892, 264, 2957, 657, 1256, 2902, 2954, 434, 2967, 1395, 1241, 428, 2956, 729, 2555, 1178, 2354, 1356, 859, 2515, 2822, 1185, 504, 309, 730, 2419, 1468, 712, 2293, 880, 586, 2802, 2038, 1337, 414, 46, 1233, 2584]",Yale,94
95,2009-10,Lacrosse,"[1394, 1891, 2503, 192, 2378, 197, 120, 570, 837, 1994, 422, 1491, 1234, 65, 2037, 2877, 407, 2039, 354, 991, 2418, 2411, 2287, 2171, 1126, 2173, 2751, 2048, 2177, 2104, 1310, 2414, 718, 2181, 2309, 471, 708, 1747]",Yale,95
96,2015-16,Lacrosse,"[1337, 1233, 586, 309, 2153, 2665, 1356, 1185, 1453, 2822, 2802, 1995, 1178, 2419, 2354, 2165, 657, 1843, 1468, 411, 729, 504, 1230, 2555, 880, 2515, 2476, 1395, 428, 859, 2178, 1509, 1542, 349, 730, 2954, 264, 317, 414, 999, 1241, 2902, 2293]",Yale,96
97,2011-12,Lacrosse,"[1231, 1904, 2503, 799, 53, 197, 1425, 130, 837, 1994, 714, 2039, 343, 2418, 1796, 2411, 1153, 879, 2171, 1254, 1120, 397, 2554, 2173, 1237, 2048, 79, 996, 731, 81, 2177, 1478, 2652, 2414, 718, 2181, 2667, 1307, 471, 708, 1747]",Yale,97
98,2013-14,Lacrosse,"[1448, 1233, 586, 799, 2153, 53, 2665, 1356, 1425, 130, 714, 1178, 1995, 2165, 657, 1153, 1468, 879, 1254, 397, 504, 2554, 1230, 1237, 79, 996, 2476, 731, 101, 428, 2178, 1478, 1509, 730, 264, 317, 999, 2652, 2105, 2667, 1307]",Yale,98
99,2010-11,Lacrosse,"[1231, 1891, 2503, 2378, 197, 120, 570, 1425, 837, 1327, 1994, 422, 1491, 1234, 65, 2039, 354, 991, 2418, 2411, 2287, 879, 2171, 1254, 1126, 397, 2554, 2173, 2751, 1237, 2048, 79, 81, 2177, 284, 2414, 718, 2181, 471, 708, 1747]",Yale,99
100,2008-09,Sailing (Coed),"[2818, 494, 483, 2163, 1465, 211, 1538, 1331, 979, 2500, 1487]",Yale,100
101,2012-13,Sailing (Coed),"[985, 594, 1031, 2002, 2952, 1647, 2003, 953, 2240, 2905, 1104, 1180, 2101, 1990, 2602, 171, 635, 2626, 2129]",Yale,101
102,2014-15,Sailing (Coed),"[985, 1194, 594, 654, 525, 176, 2258, 1647, 573, 680, 2003, 953, 2226, 2240, 547, 1598, 1950, 1104, 1180, 2141, 2602, 685, 1212, 584, 2626, 923]",Yale,102
103,2016-17,Sailing (Coed),"[2283, 1194, 2376, 654, 525, 873, 176, 2258, 573, 2298, 680, 2226, 547, 644, 1598, 1950, 2141, 1103, 1890, 685, 682, 1212, 584, 923, 1746]",Yale,103
104,2009-10,Sailing (Coed),"[369, 1976, 940, 911, 2788, 90, 2659, 674, 529, 1210, 1583, 2461, 108, 2619, 1162, 2001, 2733, 1084, 1102]",Yale,104
105,2015-16,Sailing (Coed),"[985, 2283, 1194, 594, 326, 2376, 654, 525, 176, 2258, 573, 2298, 680, 2003, 953, 2226, 547, 1598, 1950, 1180, 2141, 2602, 685, 682, 1212, 584, 923, 1746]",Yale,105
106,2011-12,Sailing (Coed),"[1976, 940, 494, 1031, 674, 1210, 1646, 947, 2002, 2952, 2449, 2993, 1647, 236, 2240, 2774, 2905, 1104, 1162, 1538, 2101, 2694, 1990, 171, 2733, 635, 1331, 2626, 2500, 2601, 1084, 1936, 1102]",Yale,106
107,2013-14,Sailing (Coed),"[985, 1194, 594, 1031, 2258, 2002, 2952, 1647, 573, 2003, 953, 2226, 2240, 2905, 1104, 1180, 2141, 2101, 1990, 2602, 685, 1212, 171, 635, 2626, 923, 2129]",Yale,107
108,2010-11,Sailing (Coed),"[1976, 940, 2659, 494, 1031, 674, 529, 1210, 1646, 947, 2002, 2952, 2449, 2993, 236, 1583, 108, 1162, 1538, 2101, 2694, 1990, 171, 2733, 635, 2500, 1084, 1925, 1102]",Yale,108
109,2008-09,Soccer,"[56, 2568, 1495, 2032, 2873, 618, 1962, 35, 2895, 71, 225, 2000, 1844, 1537, 994, 2581, 590, 591, 762, 1055, 1734, 2583, 1525, 2103, 386, 2656, 227, 1597]",Yale,109
110,2003-04,Soccer,"[1346, 2027, 1546, 2534, 2668, 1591, 1116, 136, 2738, 198, 2297, 1073, 1086, 1286, 2556, 80, 1889, 2559, 1526, 429, 8, 1908, 1498, 1305, 1037, 1957, 641, 1876]",Yale,110
111,2012-13,Soccer,"[2294, 2401, 2636, 1682, 371, 1903, 2893, 2358, 1378, 225, 2410, 2891, 723, 2097, 1731, 2582, 2422, 323, 1056, 382, 2217, 2224, 2864, 702]",Yale,111
112,2006-07,Soccer,"[56, 1078, 1546, 1495, 2873, 1295, 2297, 1015, 2895, 71, 1073, 2000, 1844, 549, 1286, 80, 2053, 1055, 1734, 1525, 2103, 1526, 1597, 1305, 1037, 872]",Yale,112
113,2007-08,Soccer,"[56, 710, 2873, 1295, 35, 1015, 2895, 71, 2000, 1844, 549, 994, 2053, 762, 1055, 1734, 1525, 2103, 386, 2656, 227, 1597, 872]",Yale,113
114,2014-15,Soccer,"[1170, 2401, 1682, 371, 2092, 1903, 2893, 2633, 2358, 1175, 2348, 1893, 271, 496, 723, 2807, 1731, 2817, 1419, 1169, 2422, 323, 2561, 1560, 2224, 140, 304]",Yale,114
115,2004-05,Soccer,"[2027, 1546, 2668, 1116, 1295, 198, 2297, 1015, 1073, 1086, 2453, 1286, 2556, 80, 2051, 1889, 2559, 1526, 8, 1498, 1305, 1037, 872, 1876]",Yale,115
116,2016-17,Soccer,"[1679, 2561, 2838, 1593, 1175, 497, 1296, 1894, 2092, 2198, 881, 1786, 2553, 271, 2951, 2314, 195, 182, 2348, 220, 31, 1469, 1560, 2817, 2094, 191, 135]",Yale,116
117,2009-10,Soccer,"[2636, 2568, 1495, 2032, 2873, 618, 1962, 35, 225, 994, 590, 591, 762, 1733, 1734, 1525, 386, 2656, 1056, 227, 1597, 382, 2217, 2864, 41]",Yale,117
118,2005-06,Soccer,"[56, 2027, 1078, 1546, 2668, 1495, 2738, 1295, 2297, 1015, 2895, 71, 1073, 2000, 1844, 1286, 2556, 80, 2051, 1055, 2103, 1526, 1498, 1305, 1037, 872]",Yale,118
119,2015-16,Soccer,"[1170, 2838, 1682, 2092, 1903, 2893, 2633, 2314, 2358, 1175, 2740, 2348, 1786, 271, 1894, 496, 1296, 182, 2817, 881, 2422, 497, 2968, 1679, 323, 2561, 1560, 140, 135]",Yale,119
120,2011-12,Soccer,"[2294, 2401, 2636, 371, 618, 1962, 35, 1378, 225, 2410, 2891, 723, 2097, 1731, 2098, 590, 2582, 591, 1733, 386, 1056, 382, 2217, 2864, 702, 41]",Yale,120
121,2013-14,Soccer,"[1170, 2294, 2401, 2636, 1682, 371, 2092, 1903, 2893, 2358, 1175, 1378, 2410, 496, 2891, 723, 2097, 1731, 1169, 2422, 323, 2561, 2224, 702, 304]",Yale,121
122,2010-11,Soccer,"[2294, 2636, 2032, 618, 1962, 1378, 225, 2410, 2891, 2097, 994, 590, 2582, 591, 762, 1733, 386, 2656, 1056, 227, 382, 2217, 2864, 702, 41]",Yale,122
123,2012-13,Squash,"[2399, 613, 987, 1711, 2406, 2488, 2573, 2575, 2996, 2281, 1540, 1190, 1191, 2585, 593]",Yale,123
124,2014-15,Squash,"[2399, 2429, 1600, 891, 2820, 2406, 2573, 2884, 2829, 278, 2996, 834, 2096, 1845, 2249, 1540, 1190]",Yale,124
125,2016-17,Squash,"[2429, 1600, 2772, 2884, 2829, 278, 1504, 1348, 2708, 2096, 491, 1845, 2983, 2249]",Yale,125
126,2009-10,Squash,"[2673, 2505, 1711, 2595, 2488, 2546, 2535, 5, 1455, 2575, 2251, 2172, 665, 667, 1480, 1191, 2848]",Yale,126
127,2015-16,Squash,"[2399, 2429, 1600, 2772, 2406, 2573, 2884, 2829, 278, 1504, 2988, 1348, 2096, 1845, 2983, 2249]",Yale,127
128,2011-12,Squash,"[2505, 987, 1711, 2595, 2488, 2546, 2575, 2281, 1480, 1540, 1190, 1191, 2585, 593]",Yale,128
129,2013-14,Squash,"[2399, 613, 987, 1600, 2820, 2406, 2573, 2996, 834, 2281, 1845, 1540, 1190, 2585, 593]",Yale,129
130,2010-11,Squash,"[2505, 987, 1711, 2595, 2488, 2546, 1455, 2575, 2251, 2281, 2172, 665, 1480, 1191, 593]",Yale,130
131,2012-13,Swimming & Diving,"[885, 420, 792, 2367, 327, 2202, 2509, 159, 705, 1550, 1279, 2497, 206, 423, 490, 2369, 2206, 1330, 793, 1710, 1299, 2899, 2216, 9, 1735, 2524, 228, 2974, 2922]",Yale,131
132,2014-15,Swimming & Diving,"[1436, 850, 420, 2034, 159, 1279, 70, 6, 1149, 2497, 206, 423, 1680, 833, 2986, 2206, 346, 1710, 1299, 262, 2352, 2674, 1510, 2216, 83, 2306, 1735, 2524, 228, 1200, 2974, 2922, 2934]",Yale,132
133,2016-17,Swimming & Diving,"[850, 2637, 2090, 733, 1447, 2034, 2963, 2887, 1177, 70, 6, 1149, 2550, 1680, 833, 625, 866, 346, 1261, 40, 262, 2352, 660, 2674, 1510, 83, 2306, 691, 2061, 893, 1200, 2313, 2934]",Yale,133
134,2009-10,Swimming & Diving,"[2145, 94, 1097, 2030, 1339, 1902, 2357, 2202, 2574, 69, 2648, 852, 578, 2045, 1330, 658, 716, 2999, 997, 2384, 2832, 9, 2644, 722, 749, 1499, 864, 2310, 1791]",Yale,134
135,2015-16,Swimming & Diving,"[850, 2637, 733, 1447, 420, 2034, 2963, 544, 1278, 1550, 1279, 70, 1149, 423, 1680, 833, 2986, 346, 1261, 40, 1710, 1299, 262, 2352, 2674, 1510, 2216, 83, 2306, 691, 1735, 893, 1200, 2974, 2922, 2934]",Yale,135
136,2011-12,Swimming & Diving,"[885, 94, 1097, 2030, 792, 2941, 2367, 327, 2202, 159, 705, 1550, 2497, 206, 490, 2369, 2206, 1330, 658, 793, 2899, 1558, 9, 722, 2524, 228]",Yale,136
137,2013-14,Swimming & Diving,"[885, 420, 792, 327, 159, 705, 1550, 1279, 70, 6, 2497, 206, 423, 490, 2369, 2206, 346, 793, 1710, 1299, 262, 2352, 2899, 2216, 83, 2306, 1735, 2524, 228, 1200, 2974, 2922]",Yale,137
138,2010-11,Swimming & Diving,"[885, 94, 1097, 2199, 2030, 1339, 792, 2941, 2202, 2509, 2574, 69, 1335, 490, 2369, 2045, 1330, 658, 793, 2999, 997, 2899, 1916, 9, 2644, 722, 2310, 1791]",Yale,138
139,2012-13,Tennis,"[1338, 2377, 1783, 2992, 777, 779, 1462, 2995, 1956, 2862, 2058, 2006]",Yale,139
140,2014-15,Tennis,"[1045, 1338, 2717, 777, 72, 2995, 2896, 2428, 1303, 2058, 2006, 3002]",Yale,140
141,2016-17,Tennis,"[585, 1045, 2271, 2543, 2717, 72, 204, 877, 2896, 2428, 1303, 826, 3002]",Yale,141
142,2009-10,Tennis,"[1515, 489, 2539, 1014, 724, 779, 1462, 1956, 1446, 2059]",Yale,142
143,2015-16,Tennis,"[585, 1045, 1338, 2271, 2717, 72, 2896, 2428, 1303, 2006, 826, 3002]",Yale,143
144,2011-12,Tennis,"[1014, 2377, 1783, 2992, 777, 779, 1462, 2995, 1956, 2862, 2058, 1446]",Yale,144
145,2013-14,Tennis,"[1338, 2377, 1783, 777, 72, 2995, 2896, 2428, 1303, 2862, 2058, 2006]",Yale,145
146,2010-11,Tennis,"[1515, 489, 2539, 1014, 2377, 1783, 2992, 779, 1462, 1956, 2862, 1446]",Yale,146
147,2008-09,Track & Field,"[330, 16, 1218, 1326, 2069, 2029, 1720, 2091, 60, 2982, 406, 1087, 803, 988, 2816, 727, 200, 2008, 2597, 1277, 2803, 395, 73, 1724, 1461, 2481, 589, 2245, 626, 1365, 784, 2650, 1285, 2273, 2274, 2743, 1362, 2477, 2275, 221, 473, 634, 1582, 810, 811, 638, 2026, 1493, 2416, 2106, 1258, 1309]",Yale,147
148,2012-13,Track & Field,"[45, 1781, 52, 775, 2389, 1451, 61, 2156, 1721, 2187, 202, 823, 2162, 2853, 2845, 876, 781, 782, 2577, 1985, 2552, 2208, 771, 23, 1729, 1470, 100, 1471, 2400, 2052, 2718, 2102, 2176, 1206, 666, 2219, 2970, 1263, 1304, 416, 2085, 2007, 870, 2325, 695, 2958, 2863]",Yale,148
149,2014-15,Track & Field,"[1958, 2089, 1291, 52, 2540, 775, 543, 2033, 61, 2841, 572, 1721, 2545, 2827, 202, 2359, 2162, 804, 1280, 20, 876, 185, 828, 782, 2205, 1985, 2634, 312, 1470, 510, 100, 1471, 2640, 1226, 1980, 2102, 2869, 1907, 314, 1206, 1302, 1131, 2970, 1263, 2714, 499, 416, 870, 604, 2185]",Yale,149
150,2016-17,Track & Field,"[1958, 2540, 1047, 1124, 2989, 543, 2033, 699, 2841, 572, 2545, 1963, 2827, 2359, 725, 1280, 20, 185, 463, 828, 2205, 2634, 311, 878, 1298, 312, 1507, 1787, 510, 477, 78, 2640, 1122, 281, 2711, 2869, 1907, 314, 1302, 2880, 1131, 2413, 1428, 139, 2714, 499, 318, 2366, 2929, 2185]",Yale,150
151,2009-10,Track & Field,"[330, 1218, 2069, 2594, 2029, 1720, 2091, 2982, 803, 988, 727, 200, 2008, 1549, 2803, 823, 73, 2845, 2481, 589, 2577, 626, 2208, 1729, 2599, 2650, 1285, 2273, 1362, 2176, 666, 2477, 2275, 473, 634, 1582, 810, 811, 638, 1343, 2085, 1486, 2416, 2106, 2863, 1309]",Yale,151
152,2015-16,Track & Field,"[1958, 2089, 2540, 1124, 2989, 543, 2033, 699, 61, 2841, 572, 1721, 2545, 1963, 2827, 2359, 725, 1280, 20, 185, 828, 2205, 2634, 311, 878, 312, 1470, 510, 477, 100, 78, 2640, 2102, 2869, 1907, 314, 1302, 2880, 1131, 1428, 2714, 499, 416, 870, 2366, 2185]",Yale,152
153,2011-12,Track & Field,"[1781, 2069, 52, 775, 2389, 1451, 2156, 727, 200, 2187, 202, 823, 2162, 2853, 2845, 876, 589, 781, 1996, 782, 2577, 1985, 2552, 2208, 771, 1729, 2599, 1471, 1285, 2052, 2718, 2176, 1206, 666, 2275, 2219, 2970, 1263, 1582, 1304, 2085, 2325, 1486, 695, 2863]",Yale,153
154,2013-14,Track & Field,"[1958, 45, 52, 775, 2389, 1451, 61, 2841, 572, 2156, 1721, 2545, 2187, 202, 2162, 764, 2853, 804, 876, 185, 781, 782, 1464, 1985, 2552, 771, 312, 1470, 100, 1471, 1226, 2400, 2052, 1473, 2102, 2869, 1907, 1206, 1302, 2219, 2970, 1263, 1304, 2714, 416, 2007, 870, 2325, 695, 604, 2946]",Yale,154
155,2010-11,Track & Field,"[1218, 2069, 2594, 2029, 1580, 2389, 1451, 2156, 803, 727, 200, 2008, 823, 2845, 372, 589, 781, 2577, 2552, 2208, 771, 1729, 2599, 1285, 2273, 2718, 2176, 666, 2275, 2219, 634, 1582, 1304, 810, 638, 2085, 1486, 2416, 2106, 1752, 2863, 1309]",Yale,155
156,2008-09,Basketball,"[141, 288, 2189, 2134, 290, 1941, 2985, 2916, 1606, 2926, 436, 1316, 1876, 1160]",Yale,156
157,2003-04,Basketball,"[2329, 1585, 1006, 1602, 475, 1587, 2871, 896, 607, 1871, 649, 2241, 306, 384]",Yale,157
158,2012-13,Basketball,"[980, 2139, 282, 1324, 2615, 3001, 1157, 145, 112, 2336, 173, 2130, 2943]",Yale,158
159,2006-07,Basketball,"[288, 105, 2134, 1006, 290, 1269, 1606, 2729, 2608, 445, 607, 963, 1316, 1160]",Yale,159
160,2007-08,Basketball,"[288, 1638, 2134, 290, 1941, 2985, 1606, 2729, 445, 2918, 1316, 1876, 1160]",Yale,160
161,2014-15,Basketball,"[980, 1367, 2139, 2615, 917, 2131, 684, 1834, 2010, 2336, 2778, 1674, 2943]",Yale,161
162,2004-05,Basketball,"[105, 1006, 1602, 1403, 1587, 2729, 2871, 2608, 896, 607, 1871, 2241, 2630]",Yale,162
163,2016-17,Basketball,"[1412, 2122, 1065, 2363, 1367, 2010, 2131, 2531, 2778, 1834, 111, 917, 456, 1406]",Yale,163
164,2009-10,Basketball,"[1160, 2134, 2985, 288, 2916, 145, 2130, 1876, 128, 1013, 436, 2, 2926, 1941, 2189]",Yale,164
165,2005-06,Basketball,"[1388, 105, 1006, 290, 1602, 551, 1606, 1587, 2729, 2608, 607, 963, 1316, 2630]",Yale,165
166,2015-16,Basketball,"[980, 1367, 2139, 917, 111, 2131, 684, 1834, 1065, 2010, 2336, 2778, 2363, 1674, 2943]",Yale,166
167,2011-12,Basketball,"[282, 2189, 1324, 2615, 3001, 1157, 145, 112, 128, 436, 173, 2130, 2]",Yale,167
168,2013-14,Basketball,"[980, 2139, 1324, 2615, 917, 3001, 1157, 2131, 1834, 112, 2336, 173, 1674, 2943]",Yale,168
169,2010-11,Basketball,"[2189, 1941, 1324, 2985, 3001, 2916, 145, 112, 128, 436, 173, 2130, 1013, 2]",Yale,169
170,2012-13,Crew,"[174, 1967, 1758, 1589, 1708, 943, 2470, 2005, 2323, 650, 945, 1933, 177, 2016, 1614, 1810, 1774, 973, 905, 1970, 2253, 1321, 2254, 1921, 13, 719, 2567, 2223, 2197, 443, 1371, 1741, 683, 966, 652, 925, 1773, 2629, 11]",Yale,170
171,2014-15,Crew,"[174, 1708, 2470, 2005, 2703, 2323, 650, 1933, 177, 2016, 1623, 1614, 2118, 1810, 1774, 238, 1970, 1626, 1911, 2254, 2606, 1858, 2607, 2345, 719, 1407, 134, 1629, 958, 2635, 2197, 1574, 443, 2022, 1773, 179, 2629, 550, 11]",Yale,171
172,2016-17,Crew,"[2661, 2703, 1221, 1565, 913, 1623, 2118, 1669, 678, 38, 238, 1626, 233, 1911, 2606, 2919, 1858, 2607, 2345, 1143, 759, 1407, 285, 134, 1629, 1975, 958, 2635, 118, 1972, 1574, 1145, 2022, 1802, 928, 179, 550]",Yale,172
173,2009-10,Crew,"[1643, 280, 2011, 1856, 447, 2610, 2529, 1656, 795, 1645, 106, 2813, 1808, 169, 2321, 558, 905, 124, 1571, 2147, 2253, 2728, 2554, 1966, 560, 921, 533, 1655, 2981, 2800, 1826, 1010, 1091, 114, 2018, 966, 2138, 154, 2021]",Yale,173
174,2015-16,Crew,"[2661, 1708, 1081, 2005, 2703, 131, 2016, 1623, 2118, 238, 1970, 1626, 233, 2890, 1141, 1911, 2606, 2919, 1858, 2607, 2345, 719, 1407, 285, 134, 1629, 958, 2635, 2197, 1574, 443, 2022, 1802, 179, 550, 970, 11]",Yale,174
175,2011-12,Crew,"[280, 174, 1967, 368, 447, 1758, 1589, 2323, 650, 795, 1933, 177, 1614, 169, 2321, 1810, 1774, 905, 2253, 1321, 2254, 2837, 1921, 13, 2567, 560, 921, 2088, 1655, 1091, 1371, 1741, 1011, 683, 966, 925, 1773, 2629]",Yale,175
176,2013-14,Crew,"[1758, 1708, 943, 1247, 2470, 2005, 2323, 650, 1933, 177, 2016, 1614, 1810, 1774, 530, 1911, 1321, 2254, 2606, 1921, 2607, 13, 2345, 719, 2567, 1629, 534, 958, 2223, 2635, 2197, 443, 1371, 1741, 683, 1773, 2629, 550, 11]",Yale,176
177,2010-11,Crew,"[280, 174, 1967, 2011, 1856, 447, 1758, 2610, 1656, 795, 1645, 1927, 106, 2321, 905, 918, 2253, 1321, 1921, 13, 2728, 2567, 560, 921, 533, 1655, 2482, 1826, 1091, 1371, 114, 683, 966, 902, 2138]",Yale,177
178,2008-09,Cross Country,"[1931, 1880, 246, 1687, 104, 1382, 1625, 2771, 1769, 681, 248, 1017, 2111, 2731, 365, 2735, 1435, 1659, 178, 565, 1974, 924, 1029]",Yale,178
179,2003-04,Cross Country,"[287, 2761, 1818, 1665, 2458, 2135, 1570, 2911, 2459, 679, 2437, 2460, 506, 955, 249, 934, 1658, 2912, 1671, 1930, 2234, 1259, 1144, 1573, 113, 2250, 968]",Yale,179
180,2012-13,Cross Country,"[1137, 1209, 2609, 2220, 235, 2936, 1381, 1382, 1846, 2866, 2590, 252, 1745, 2426, 244, 481, 2320, 163, 920, 922, 2671, 2442, 1267, 965, 1423]",Yale,180
181,2006-07,Cross Country,"[246, 910, 1687, 104, 912, 287, 1665, 1865, 1570, 679, 506, 955, 681, 2140, 2086, 1418, 1649, 1877, 1259, 2731, 365, 1615, 2735, 157, 1659, 178, 1205, 924, 1029]",Yale,181
182,2007-08,Cross Country,"[246, 364, 1687, 104, 912, 1865, 690, 1625, 681, 2140, 1418, 1017, 2014, 2731, 365, 2735, 157, 1659, 178, 1205, 924, 1029]",Yale,182
183,2014-15,Cross Country,"[1137, 939, 1568, 1099, 1379, 686, 235, 676, 2136, 822, 1676, 1745, 2591, 2616, 486, 2439, 2699, 770, 163, 2677, 922, 2671, 576, 1651, 1688, 2142, 1052, 965, 1133, 969]",Yale,183
184,2004-05,Cross Country,"[364, 1881, 287, 2761, 1818, 1665, 2135, 1865, 1570, 2911, 679, 2437, 506, 2140, 2086, 1418, 249, 934, 1658, 2912, 1671, 1930, 1259, 1144, 1573, 1205, 968]",Yale,184
185,2016-17,Cross Country,"[931, 939, 524, 1568, 1379, 686, 1817, 2136, 822, 1676, 2616, 486, 2439, 954, 770, 277, 974, 189, 1322, 576, 1651, 1688, 1072, 2142, 1052, 1080, 1146, 2445, 969, 1637]",Yale,185
186,2009-10,Cross Country,"[1931, 1880, 246, 104, 1381, 1382, 2923, 252, 2426, 481, 2771, 1769, 2320, 248, 1017, 920, 2731, 2735, 1435, 565, 1974, 924, 1029]",Yale,186
187,2005-06,Cross Country,"[1706, 910, 1815, 1687, 912, 287, 1665, 1865, 1570, 1768, 679, 2437, 506, 681, 2140, 2086, 1418, 1658, 1649, 1877, 1259, 365, 1615, 1573, 1659, 1205]",Yale,187
188,2015-16,Cross Country,"[931, 939, 524, 1568, 1099, 1379, 686, 676, 2136, 822, 143, 1676, 2591, 2616, 486, 2439, 2699, 954, 770, 974, 189, 922, 2671, 576, 1651, 1688, 1072, 2142, 1052, 965, 969, 1637]",Yale,188
189,2011-12,Cross Country,"[1931, 1137, 2609, 2133, 1663, 235, 2936, 1381, 2613, 1846, 2923, 2590, 252, 1745, 2426, 1625, 481, 1769, 688, 2320, 1069, 163, 248, 920, 2442, 1874, 2114, 1267, 1423]",Yale,189
190,2013-14,Cross Country,"[1137, 1209, 939, 2609, 1379, 2220, 235, 2936, 1846, 822, 1745, 244, 2439, 163, 922, 2671, 2442, 576, 2142, 965, 969]",Yale,190
191,2010-11,Cross Country,"[1931, 1880, 2609, 2133, 2936, 1381, 1382, 1846, 2923, 252, 2426, 1625, 481, 1769, 688, 2320, 1069, 248, 1017, 920, 2442, 1435, 1267, 565, 1974]",Yale,191
192,2008-09,Fencing,"[1644, 2589, 117, 1380, 1866, 188, 14, 2784, 1847, 1383, 2432, 1044, 1422, 2908, 2462, 1641, 1952, 1770, 1653]",Yale,192
193,2012-13,Fencing,"[1430, 133, 1807, 2023, 2438, 952, 1971, 1977, 1650, 1823, 2125, 1934, 1900, 405, 2519, 1642, 1861]",Yale,193
194,2014-15,Fencing,"[927, 125, 2341, 291, 2438, 1202, 1971, 1854, 2448, 1433, 1977, 1544, 1650, 1823, 2125, 1642]",Yale,194
195,2016-17,Fencing,"[2238, 126, 2341, 1899, 1202, 1854, 1433, 2194, 1650, 2196, 2624, 2588, 1391, 243]",Yale,195
196,2009-10,Fencing,"[1644, 1932, 117, 1866, 3003, 188, 2784, 1847, 1383, 2432, 1044, 2631, 1422, 2462, 1934, 1641, 1952, 1770, 2519, 1653]",Yale,196
197,2015-16,Fencing,"[2238, 126, 2341, 291, 1899, 1202, 1854, 1433, 1978, 2125, 2984, 2624, 1633, 1391]",Yale,197
198,2011-12,Fencing,"[133, 1807, 117, 2023, 291, 2438, 952, 1971, 1422, 1932, 1934, 1823, 1900, 1641, 2519, 405, 1861, 3003]",Yale,198
199,2013-14,Fencing,"[1430, 133, 1807, 2341, 291, 2438, 1971, 1854, 1433, 1977, 1544, 1650, 1823, 2125, 405, 1642]",Yale,199
200,2010-11,Fencing,"[133, 1807, 1932, 117, 3003, 2784, 1847, 952, 1422, 1934, 1900, 1641, 405, 2519, 1653, 1879, 1861]",Yale,200
201,2012-13,Field Hockey,"[1417, 1841, 2013, 1004, 942, 772, 1064, 458, 1090, 2124, 2195, 2350, 1100, 1163, 960, 1924, 2332, 2319, 2233]",Yale,201
202,2014-15,Field Hockey,"[1417, 1753, 772, 936, 2721, 2124, 559, 1100, 521, 1700, 981, 1163, 1672, 1859, 2815, 2332, 166, 2319]",Yale,202
203,2016-17,Field Hockey,"[2780, 166, 1672, 1859, 772, 521, 439, 2721, 1989, 459, 2815, 77, 1248, 1183, 258, 559, 501, 1753, 142, 936, 577]",Yale,203
204,2009-10,Field Hockey,"[596, 2350, 2013, 1490, 1991, 1749, 1924, 1836, 603, 2148, 1020, 1841, 2801, 1005, 849, 1577, 1662, 292, 2724, 1661]",Yale,204
205,2015-16,Field Hockey,"[1753, 577, 936, 2721, 1248, 559, 1989, 521, 459, 981, 1672, 1859, 2815, 1033, 1639, 2322, 2332, 166, 2319]",Yale,205
206,2011-12,Field Hockey,"[1417, 1841, 2013, 1004, 942, 1020, 1064, 1090, 2124, 1749, 849, 603, 2350, 1100, 2148, 2801, 1163, 960, 1924]",Yale,206
207,2013-14,Field Hockey,"[1417, 1004, 942, 772, 1064, 2485, 458, 1090, 936, 2721, 2124, 1100, 1700, 981, 1163, 960, 2332, 166, 2319, 2233]",Yale,207
208,2010-11,Field Hockey,"[1841, 2013, 1661, 1004, 942, 1020, 1005, 1071, 458, 1090, 1749, 849, 603, 2350, 1490, 2148, 2801, 960, 1924, 1991]",Yale,208
209,2008-09,Golf,"[1857, 554, 1007, 488, 2797, 1148, 165, 2261]",Yale,209
210,2003-04,Golf,"[1825, 1325, 1411, 673, 1986, 2734, 518]",Yale,210
211,2012-13,Golf,"[2191, 2686, 1564, 110, 1984, 2660, 2759, 535, 820]",Yale,211
212,2006-07,Golf,"[930, 1869, 1007, 2797, 673, 2261, 1986, 301]",Yale,212
213,2007-08,Golf,"[554, 930, 1869, 1007, 2797, 1148, 165, 2261, 301]",Yale,213
214,2014-15,Golf,"[903, 2605, 2686, 1984, 1386, 535, 1353, 820, 2604, 1578]",Yale,214
215,2004-05,Golf,"[932, 1869, 1824, 1825, 1325, 1411, 673, 1986, 518]",Yale,215
216,2016-17,Golf,"[2764, 903, 1046, 2605, 2566, 1586, 1386, 1353, 363, 2604, 1578]",Yale,216
217,2009-10,Golf,"[1857, 554, 488, 1564, 2797, 110, 1148, 165]",Yale,217
218,2005-06,Golf,"[930, 1869, 1007, 1354, 1825, 1325, 1411, 673, 2261, 1986]",Yale,218
219,2015-16,Golf,"[2764, 903, 2605, 2566, 1586, 1386, 1353, 820, 2604, 1578]",Yale,219
220,2011-12,Golf,"[1857, 2686, 488, 1564, 110, 1984, 2660, 2759, 535]",Yale,220
221,2013-14,Golf,"[903, 2191, 2605, 2686, 1984, 2660, 2759, 535, 820, 2604, 1578]",Yale,221
222,2010-11,Golf,"[1857, 554, 488, 1564, 110, 2660, 1148, 2759, 165]",Yale,222
223,2008-09,Gymnastics,"[689, 743, 1969, 2617, 442, 129, 149, 2235, 1827, 2150, 2777, 2149, 2679]",Yale,223
224,2003-04,Gymnastics,"[1833, 1402, 2933, 1657, 1313, 476, 2144, 651, 1023, 250, 1878, 2757, 2625, 2214, 1414]",Yale,224
225,2012-13,Gymnastics,"[1862, 435, 2779, 2726, 1965, 1566, 1648, 294, 500, 452, 2318, 2773, 2243]",Yale,225
226,2006-07,Gymnastics,"[1402, 1759, 2617, 442, 754, 129, 1811, 149, 2757, 2625, 2214, 1414, 1827, 1654]",Yale,226
227,2007-08,Gymnastics,"[305, 1759, 2617, 442, 754, 129, 1811, 149, 1827, 2150, 2679, 1654]",Yale,227
228,2014-15,Gymnastics,"[229, 147, 435, 1566, 1648, 241, 500, 2127, 2697, 452, 1599, 2243, 2787]",Yale,228
229,2004-05,Gymnastics,"[1402, 1759, 1657, 476, 651, 754, 1811, 250, 1878, 2757, 2625, 2214, 1414, 1654]",Yale,229
230,2016-17,Gymnastics,"[1739, 229, 1273, 147, 2611, 2456, 972, 2015, 517, 239, 2700, 241, 2127, 2697, 2530, 1599, 1415, 2787]",Yale,230
231,2009-10,Gymnastics,"[1862, 2779, 2726, 1969, 442, 149, 601, 2235, 2777, 2149, 2679]",Yale,231
232,2005-06,Gymnastics,"[1402, 1759, 2617, 476, 754, 129, 1811, 250, 2757, 2625, 2214, 1743, 1414, 1827, 1654]",Yale,232
233,2015-16,Gymnastics,"[1739, 229, 147, 2611, 2015, 241, 500, 2127, 2697, 452, 2530, 1599, 1415, 2787]",Yale,233
234,2011-12,Gymnastics,"[1862, 435, 2779, 2726, 1965, 1566, 1648, 294, 2318, 2773, 2243, 2777, 2149]",Yale,234
235,2013-14,Gymnastics,"[229, 435, 1965, 1566, 1648, 294, 500, 452, 2318, 2773, 1599, 2243, 2228, 2787]",Yale,235
236,2010-11,Gymnastics,"[1862, 2779, 2726, 1965, 294, 2235, 2318, 2773, 2777, 2149, 2679]",Yale,236
237,2008-09,Ice Hockey,"[161, 1818, 1161, 2017, 753, 55, 361, 404, 789, 1083, 2592, 338, 532, 513, 539, 1166, 1849, 1954, 1246, 824, 1764, 2627, 1946]",Yale,237
238,2012-13,Ice Hockey,"[121, 1019, 2360, 944, 289, 1323, 2447, 1312, 1314, 308, 1913, 1276, 1628, 1370, 2375, 2730, 791, 1938, 2781, 2257, 167, 1136]",Yale,238
239,2014-15,Ice Hockey,"[1136, 1613, 1323, 12, 1603, 2447, 1314, 308, 1276, 1134, 2798, 1628, 2730, 957, 889, 1938, 745, 1250, 1953, 2427, 1127, 451, 1101, 1756]",Yale,239
240,2016-17,Ice Hockey,"[1613, 1806, 957, 1519, 12, 889, 1635, 1751, 1953, 977, 745, 1603, 451, 1101, 2707, 1134, 2808, 1795, 2798, 1579, 2632, 2427, 1756]",Yale,240
241,2009-10,Ice Hockey,"[1019, 161, 1818, 944, 1161, 1312, 55, 361, 404, 1083, 2592, 338, 1370, 791, 532, 1849, 1954, 1246, 2781, 2257, 167]",Yale,241
242,2015-16,Ice Hockey,"[1136, 1519, 275, 1613, 1323, 12, 1603, 2447, 1314, 1134, 2798, 1628, 957, 889, 1795, 745, 1953, 2427, 1127, 977, 451, 1101, 1579, 1756]",Yale,242
243,2011-12,Ice Hockey,"[1019, 1374, 1818, 2360, 944, 289, 1161, 1312, 55, 308, 1913, 1083, 1276, 1370, 2375, 2730, 791, 1938, 1250, 1701, 2257, 167]",Yale,243
244,2013-14,Ice Hockey,"[1136, 121, 2360, 289, 1323, 12, 2447, 1314, 308, 1276, 1134, 2798, 1628, 2375, 2730, 1938, 1250, 2427, 1127, 2781, 1756]",Yale,244
245,2010-11,Ice Hockey,"[1019, 1374, 1818, 2360, 944, 289, 1161, 1312, 55, 308, 404, 1083, 1372, 2592, 1370, 2375, 791, 1250, 1849, 1954, 1246, 2781, 2257, 167]",Yale,245
246,2012-13,Lacrosse,"[42, 564, 1049, 687, 2316, 1369, 647, 1716, 1352, 444, 1022, 293, 1024, 1588, 245, 1944, 1025, 2132, 1609, 747, 843, 959, 741, 1689, 1652, 43, 2868, 1828, 1636]",Yale,246
247,2014-15,Lacrosse,"[564, 1049, 1753, 1987, 687, 2316, 647, 971, 1716, 2782, 1928, 949, 734, 1184, 444, 1022, 956, 2770, 2814, 2925, 245, 1944, 1025, 2705, 296, 1945, 747, 959, 1689, 1027, 2868, 1828, 1636]",Yale,247
248,2016-17,Lacrosse,"[2770, 1575, 1142, 1928, 1222, 971, 842, 30, 1127, 1753, 2814, 1139, 296, 734, 1184, 328, 2915, 1973, 949, 1987, 956, 901, 1859, 2925, 1672, 2782, 1576, 1868, 1945, 168, 142]",Yale,248
249,2009-10,Lacrosse,"[42, 1373, 2978, 1760, 526, 2612, 448, 748, 1873, 609, 675, 2186, 1604, 1884, 1718, 307, 1048, 1699, 276, 2942, 2255, 843, 1696, 1413, 1947, 2248, 1028]",Yale,249
250,2015-16,Lacrosse,"[168, 1049, 142, 1753, 1987, 2316, 971, 2782, 1928, 949, 734, 1184, 956, 2770, 2814, 2925, 1944, 2705, 1222, 296, 1945, 747, 901, 1689, 1672, 1859, 1575, 1127, 2868, 1828, 1636, 30]",Yale,250
251,2011-12,Lacrosse,"[564, 1760, 526, 687, 1369, 647, 609, 1716, 1352, 2475, 1022, 293, 1024, 1588, 1025, 2132, 1609, 2942, 843, 959, 741, 1652, 43, 2565]",Yale,251
252,2013-14,Lacrosse,"[564, 1049, 1987, 687, 2316, 1369, 647, 1716, 1352, 1184, 1839, 444, 1022, 956, 293, 2814, 1024, 1588, 2925, 245, 1944, 1025, 2132, 2705, 1609, 296, 747, 959, 741, 1689, 1652, 1027, 43, 2868, 1828, 1636, 516]",Yale,252
253,2010-11,Lacrosse,"[42, 787, 1760, 526, 448, 1369, 609, 1604, 1884, 307, 404, 1048, 293, 1024, 1588, 2132, 1609, 2942, 843, 741, 1652, 1696, 43, 1947, 2248, 2565]",Yale,253
254,2012-13,Sailing (Women's),"[594, 940, 2659, 1031, 674, 1646, 947, 2002, 1647, 236, 2003, 953, 2240, 2905, 1162, 2694, 1990, 2602, 171, 2626, 1925, 1102]",Yale,254
255,2014-15,Sailing (Women's),"[594, 525, 176, 2258, 1647, 573, 680, 2003, 953, 2240, 547, 1598, 2141, 302, 2602, 685, 1212, 2626, 923]",Yale,255
256,2016-17,Sailing (Women's),"[525, 176, 2258, 573, 680, 547, 644, 1598, 2141, 1103, 1890, 685, 682, 1212, 923, 1746]",Yale,256
257,2009-10,Sailing (Women's),"[369, 1976, 940, 911, 2788, 90, 2659, 674, 529, 1210, 1583, 2461, 108, 2619, 1162, 2001, 2733, 1084, 1102]",Yale,257
258,2015-16,Sailing (Women's),"[594, 326, 525, 176, 2258, 573, 680, 2003, 953, 547, 1598, 2141, 2602, 685, 682, 1212, 923, 1746]",Yale,258
259,2011-12,Sailing (Women's),"[1976, 940, 2659, 1031, 674, 529, 1210, 1646, 947, 2002, 1624, 236, 108, 2240, 2905, 1162, 2694, 1990, 171, 2733, 2626, 1084, 1925, 1102]",Yale,259
260,2013-14,Sailing (Women's),"[594, 1031, 176, 2258, 2002, 1647, 2003, 953, 2240, 2905, 2141, 302, 2602, 685, 1212, 171, 2626, 923, 2129]",Yale,260
261,2010-11,Sailing (Women's),"[369, 1976, 940, 911, 2788, 90, 2659, 1031, 674, 529, 1210, 1646, 947, 2002, 236, 1583, 108, 1162, 2694, 1990, 171, 2733, 1084, 1925, 1102]",Yale,261
262,2008-09,Soccer,"[2120, 186, 337, 480, 1270, 32, 51, 122, 2230, 1627, 2252, 2702, 982, 1837, 1408, 1874, 1883, 2256, 1267, 1145, 325, 907, 1946, 978, 1159]",Yale,262
263,2003-04,Soccer,"[2146, 437, 1514, 608, 1959, 1401, 2886, 1864, 1021, 2192, 951, 648, 1830, 1814, 2222, 2087, 2621, 1315, 2914, 1026, 1387, 270, 2628, 1875]",Yale,263
264,2012-13,Soccer,"[2436, 2246, 2885, 645, 1389, 2669, 1058, 1761, 2137, 155, 2395, 254, 33, 1584, 183, 2019, 2870, 1822, 240, 2672, 1410, 251, 2143, 1673, 1092, 904]",Yale,264
265,2006-07,Soccer,"[1757, 608, 1959, 186, 2886, 480, 2720, 1270, 1021, 122, 951, 753, 648, 2020, 2222, 2260, 2702, 2621, 1837, 1145, 2763, 3000, 907, 1946, 978, 2812, 1159]",Yale,265
266,2007-08,Soccer,"[186, 337, 480, 1270, 122, 2020, 1627, 2252, 2702, 1837, 1408, 1883, 2256, 1145, 2763, 325, 907, 1946, 978, 1159]",Yale,266
267,2014-15,Soccer,"[2436, 2246, 1850, 1955, 645, 2117, 2669, 1058, 1140, 1082, 1668, 1942, 2137, 155, 2395, 2796, 515, 254, 183, 1772, 1616, 906, 2620, 720, 2623, 274, 2143, 774, 1092, 904]",Yale,267
268,2004-05,Soccer,"[2146, 437, 608, 897, 1401, 2886, 2720, 1864, 2776, 127, 1021, 2192, 951, 648, 1814, 2222, 2087, 2621, 1315, 2914, 270, 2763, 3000, 2628, 1875]",Yale,268
269,2016-17,Soccer,"[1992, 162, 450, 774, 2698, 2330, 1772, 2188, 1140, 1042, 1766, 82, 1750, 720, 2117, 1051, 1082, 2620, 2796, 1616, 515, 1919, 1714, 1955, 274, 44, 1319, 1851, 1943]",Yale,269
270,2009-10,Soccer,"[2120, 2885, 337, 1389, 480, 1761, 32, 51, 2230, 33, 2019, 2870, 1627, 1822, 2702, 982, 1837, 1883, 2256, 1267, 1145, 251, 325]",Yale,270
271,2005-06,Soccer,"[1757, 437, 608, 897, 1401, 2886, 2720, 127, 1021, 951, 753, 648, 1814, 2020, 2222, 2260, 2621, 1315, 1026, 270, 2763, 3000, 1875, 1946, 978, 2812, 1159]",Yale,271
272,2015-16,Soccer,"[2188, 2436, 1850, 1955, 645, 2117, 1714, 2669, 1140, 1082, 1668, 1942, 2698, 1992, 155, 2395, 2796, 515, 183, 1772, 1616, 906, 1919, 2620, 720, 274, 1042, 450, 1051, 774]",Yale,272
273,2011-12,Soccer,"[2246, 2885, 1937, 1389, 1058, 1761, 2137, 2230, 254, 33, 1584, 2019, 2870, 1822, 240, 2672, 982, 1410, 251, 2143, 1673, 1092, 904]",Yale,273
274,2013-14,Soccer,"[2436, 2246, 1850, 645, 2669, 1058, 1082, 1668, 2137, 155, 2395, 254, 1584, 183, 1616, 906, 240, 720, 2672, 1410, 2143, 774, 1673, 1092, 904]",Yale,274
275,2010-11,Soccer,"[2120, 2885, 337, 1389, 1761, 51, 2230, 33, 1584, 2019, 2870, 1627, 1822, 240, 2672, 982, 1883, 2256, 1410, 251, 325, 1673]",Yale,275
276,2008-09,Softball,"[1840, 603, 297, 2119, 1821, 819, 1666, 2113, 2121, 1675, 1982, 600, 1677, 2463, 141, 2931]",Yale,276
277,2012-13,Softball,"[2865, 1138, 1819, 602, 2486, 2494, 449, 1762, 75, 671, 1385, 2622, 146, 1882, 1702, 1794]",Yale,277
278,2014-15,Softball,"[1138, 89, 1053, 1819, 1797, 1867, 2766, 2486, 2767, 567, 2494, 449, 537, 2622, 2443, 151, 146, 502, 1794, 1923]",Yale,278
279,2016-17,Softball,"[2676, 2766, 1053, 514, 2347, 1797, 1870, 2012, 537, 1096, 257, 2767, 1867, 752, 1923, 151, 1940, 2810, 2443, 502]",Yale,279
280,2009-10,Softball,"[141, 1182, 1821, 600, 2119, 1677, 603, 1249, 671, 1385, 1840, 1982, 297, 1882, 2931, 1702, 2113, 1675]",Yale,280
281,2015-16,Softball,"[1053, 1819, 1797, 1867, 2766, 2767, 514, 2810, 2676, 449, 537, 2443, 1940, 151, 146, 752, 502, 1923]",Yale,281
282,2011-12,Softball,"[2865, 1138, 602, 2494, 600, 2119, 1762, 75, 671, 1385, 2622, 1882, 2931, 1702, 1794]",Yale,282
283,2013-14,Softball,"[2865, 1138, 1819, 1797, 602, 1867, 2486, 567, 2494, 449, 1762, 75, 537, 2622, 2443, 146, 502, 1794]",Yale,283
284,2010-11,Softball,"[2865, 602, 600, 2119, 1762, 603, 75, 1249, 671, 1385, 1982, 1882, 2931, 1702, 2113, 1675]",Yale,284
285,2012-13,Squash,"[253, 1660, 1089, 536, 1855, 237, 1670, 1740, 2324, 2680, 1217, 170, 732, 1130, 2221]",Yale,285
286,2014-15,Squash,"[253, 1089, 1368, 237, 2324, 1405, 1434, 2657, 2680, 2682, 1217, 170, 1390, 1935]",Yale,286
287,2011-12,Squash,"[1660, 536, 595, 1855, 237, 1670, 1740, 2324, 160, 2680, 561, 1693, 2484, 1217, 732, 1130, 2221, 115]",Yale,287
288,2016-17,Squash,"[1898, 1368, 1434, 2657, 2682, 1390, 961, 298, 1167, 1935, 1416, 566]",Yale,288
289,2013-14,Squash,"[253, 1089, 1855, 237, 1740, 2324, 1405, 2680, 2682, 1217, 170, 1390, 697, 1130, 1935, 2221]",Yale,289
290,2015-16,Squash,"[253, 1089, 1368, 528, 1434, 2657, 2682, 170, 1390, 961, 298, 1935, 566]",Yale,290
291,2012-13,Swimming & Diving,"[2232, 646, 1070, 2457, 788, 599, 1032, 107, 487, 2342, 950, 2123, 2193, 552, 919, 2924, 230, 1272, 548, 1620, 2362, 746, 1695, 976, 123, 755, 1432, 152]",Yale,291
292,2014-15,Swimming & Diving,"[2190, 2457, 788, 1032, 1917, 2342, 950, 2768, 1216, 2343, 91, 2396, 919, 1272, 548, 790, 2344, 1860, 1620, 1631, 1695, 479, 976, 123, 2112, 1165, 563, 242, 606, 181, 1744, 1926]",Yale,292
293,2016-17,Swimming & Diving,"[1707, 2190, 1271, 915, 2704, 1917, 538, 1211, 2768, 1216, 2343, 91, 2396, 1164, 790, 2344, 1860, 1848, 840, 597, 295, 2775, 2706, 553, 1631, 479, 2112, 333, 2593, 1165, 1147, 606, 181, 1744, 1926]",Yale,293
294,2009-10,Swimming & Diving,"[2232, 909, 1968, 187, 2725, 1767, 527, 946, 107, 1809, 821, 1158, 1008, 1384, 255, 1320, 2762, 2924, 303, 1204, 2362, 1043, 15, 1988, 1838, 2444, 755, 2236, 2116, 1432, 231]",Yale,294
295,2015-16,Swimming & Diving,"[2190, 1271, 1032, 915, 1917, 2342, 950, 538, 1211, 2768, 1216, 2343, 91, 2396, 548, 790, 2344, 1860, 1620, 2775, 2706, 553, 1631, 1695, 479, 976, 123, 2112, 1165, 1147, 563, 606, 181, 1744, 1926]",Yale,295
296,2011-12,Swimming & Diving,"[2232, 646, 1070, 2457, 599, 107, 1168, 1820, 2123, 2193, 1158, 552, 919, 2924, 230, 1272, 303, 2362, 15, 746, 2444, 755, 1432, 152]",Yale,296
297,2013-14,Swimming & Diving,"[646, 1070, 2190, 2457, 788, 599, 1032, 916, 1915, 2342, 950, 2768, 1216, 2343, 919, 230, 1272, 548, 2344, 1620, 1860, 746, 1695, 976, 123, 563, 152, 242, 1744]",Yale,297
298,2010-11,Swimming & Diving,"[2232, 646, 1968, 1070, 1767, 599, 2193, 1158, 1008, 255, 2924, 230, 303, 1204, 2362, 15, 746, 2444, 2331, 755, 1432, 152]",Yale,298
299,2012-13,Tennis,"[742, 914, 2614, 1929, 175, 2465, 256, 1135]",Yale,299
300,2014-15,Tennis,"[742, 519, 1929, 2465, 2678, 531, 2909, 2760, 1135, 926]",Yale,300
301,2016-17,Tennis,"[523, 1939, 2351, 519, 2846, 2678, 531, 2909, 2701, 2760, 180, 926]",Yale,301
302,2009-10,Tennis,"[2917, 1863, 2688, 914, 2727, 2618, 2755, 1409, 1377]",Yale,302
303,2015-16,Tennis,"[523, 742, 519, 1929, 2846, 2465, 2678, 531, 2909, 2701, 2760, 180, 926]",Yale,303
304,2011-12,Tennis,"[2917, 914, 2614, 2722, 175, 370, 256, 1135]",Yale,304
305,2013-14,Tennis,"[742, 1929, 175, 2465, 2678, 531, 256, 1135]",Yale,305
306,2010-11,Tennis,"[2917, 1863, 2688, 914, 2722, 2755, 370, 256, 1741]",Yale,306
307,2012-13,Track & Field,"[1137, 1209, 2609, 1099, 929, 941, 2220, 2765, 235, 2936, 1381, 2613, 2792, 1846, 2866, 2590, 252, 1745, 2426, 244, 1375, 481, 33, 132, 2320, 164, 1698, 1640, 920, 1920, 240, 760, 922, 2671, 2913, 2442, 2809, 1376, 1763, 267, 1755, 2142, 150, 562, 1632, 172, 965, 2128, 967, 2480, 969, 2257, 1619, 2446]",Yale,307
308,2014-15,Track & Field,"[1137, 939, 1568, 522, 1099, 929, 941, 1379, 686, 2765, 235, 2792, 676, 2136, 822, 1853, 1676, 1745, 2591, 2616, 486, 2439, 132, 2699, 770, 163, 1640, 1920, 2677, 922, 2671, 576, 1651, 1688, 2142, 1052, 562, 1632, 965, 2128, 2480, 969, 1619, 2446]",Yale,308
309,2016-17,Track & Field,"[908, 931, 939, 524, 2907, 1568, 1379, 686, 1817, 1872, 1852, 676, 2136, 2259, 822, 1853, 1676, 2616, 486, 2769, 2439, 954, 770, 109, 1640, 277, 974, 189, 1322, 2346, 576, 1651, 1688, 1072, 2142, 1039, 1052, 1080, 1632, 1219, 1146, 2445, 48, 441, 969, 2446, 1637]",Yale,309
310,2015-16,Track & Field,"[931, 939, 524, 1568, 1099, 1379, 686, 1872, 2765, 676, 2136, 822, 1853, 1676, 2616, 486, 2439, 954, 770, 109, 1640, 974, 189, 1920, 922, 2671, 576, 1651, 1688, 1072, 2142, 1039, 1052, 1632, 1219, 48, 441, 2128, 2480, 969, 2446, 1637]",Yale,310
311,2011-12,Track & Field,"[1931, 1137, 2609, 929, 941, 2220, 1663, 286, 235, 2936, 1381, 1382, 2613, 1846, 332, 2923, 2590, 252, 1745, 1375, 481, 33, 132, 688, 2320, 1069, 164, 1698, 248, 920, 1983, 240, 760, 92, 2442, 2809, 1376, 1763, 1874, 267, 1755, 150, 1267, 562, 962, 172, 967, 2257, 1423]",Yale,311
312,2013-14,Track & Field,"[1137, 1209, 939, 2609, 1099, 929, 941, 1379, 2220, 2765, 235, 2936, 2792, 1846, 822, 1853, 1745, 244, 1375, 2439, 132, 163, 1698, 1640, 1920, 922, 2671, 2913, 2442, 576, 2809, 1763, 2142, 1052, 562, 1632, 172, 965, 2128, 967, 2480, 969, 1619, 2446]",Yale,312
313,2010-11,Track & Field,"[1931, 937, 1880, 2609, 2133, 1622, 2936, 1381, 1382, 1846, 332, 2923, 252, 1625, 1375, 481, 33, 1769, 688, 2320, 1069, 1038, 2440, 1698, 248, 1017, 920, 760, 92, 2442, 2809, 1376, 1763, 267, 2114, 150, 1267, 2732, 962, 172, 964, 565, 967, 2257]",Yale,313
314,2008-09,Volleyball,"[1812, 1664, 2791, 119, 555, 1667, 744, 440, 1813, 148, 1572, 1912, 156, 2799, 1694, 2364, 1765]",Yale,314
315,2003-04,Volleyball,"[1268, 1816, 1690, 2670, 1318, 2783, 1404, 2479, 1692, 2811, 672, 234, 34]",Yale,315
316,2012-13,Volleyball,"[1063, 2110, 1396, 144, 1618, 1691, 2108, 1709, 1009, 2231, 1922, 1132, 653]",Yale,316
317,2006-07,Volleyball,"[119, 2670, 744, 2239, 1813, 148, 1572, 1912, 1981, 156, 1608, 2317, 234, 1771, 2910, 1765]",Yale,317
318,2007-08,Volleyball,"[119, 1667, 744, 2239, 1813, 148, 1572, 1912, 1981, 156, 2799, 1608, 1694, 1630, 2317, 1765]",Yale,318
319,2014-15,Volleyball,"[1697, 1396, 677, 1618, 1605, 1691, 2108, 2126, 2231, 1922, 2867, 446, 1901, 2115, 653]",Yale,319
320,2004-05,Volleyball,"[1268, 1816, 1690, 2670, 247, 1318, 2239, 2479, 1981, 1608, 672, 2317, 234, 34, 2910]",Yale,320
321,2016-17,Volleyball,"[677, 1223, 1605, 1901, 1113, 2126, 2867, 1686, 1621, 2464, 1697, 2115, 446, 2888, 2685, 1634, 1059]",Yale,321
322,2009-10,Volleyball,"[1813, 119, 1694, 555, 440, 1569, 269, 2791, 1664, 1572, 1132, 1912, 1717]",Yale,322
323,2005-06,Volleyball,"[1268, 2670, 247, 744, 2239, 148, 2479, 1981, 156, 1608, 672, 2317, 234, 1771, 34, 2910, 1765]",Yale,323
324,2015-16,Volleyball,"[1621, 1697, 2685, 1396, 677, 1618, 1605, 1691, 1113, 2108, 2126, 2867, 446, 1634, 1901, 2115, 1686, 653]",Yale,324
325,2011-12,Volleyball,"[1063, 2110, 1664, 2791, 1094, 144, 440, 1709, 1009, 2231, 1922, 773, 1132]",Yale,325
326,2013-14,Volleyball,"[1063, 2110, 1396, 677, 1618, 1691, 2108, 1709, 1009, 2231, 1922, 2867, 446, 1901, 653]",Yale,326
327,2010-11,Volleyball,"[2110, 1664, 2791, 1094, 440, 1694, 1709, 1009, 1132]",Yale,327
0,2008-09,Baseball,[],Harvard,328
1,2012-13,Baseball,[],Harvard,329
2,2014-15,Baseball,[],Harvard,330
3,2016-17,Baseball,[],Harvard,331
4,2009-10,Baseball,[],Harvard,332
5,2015-16,Baseball,[],Harvard,333
6,2011-12,Baseball,[],Harvard,334
7,2013-14,Baseball,[],Harvard,335
8,2010-11,Baseball,[],Harvard,336
9,1989-90,Basketball,[],Harvard,337
10,1949-50,Basketball,[],Harvard,338
11,1976-77,Basketball,[],Harvard,339
12,1987-88,Basketball,[],Harvard,340
13,2003-04,Basketball,[],Harvard,341
14,2001-02,Basketball,[],Harvard,342
15,1994-95,Basketball,[],Harvard,343
16,1985-86,Basketball,[],Harvard,344
17,2013-14,Basketball,[],Harvard,345
18,1978-79,Basketball,[],Harvard,346
19,1951-52,Basketball,[],Harvard,347
20,1999-00,Basketball,[],Harvard,348
21,1963-64,Basketball,[],Harvard,349
22,1965-66,Basketball,[],Harvard,350
23,2012-13,Basketball,[],Harvard,351
24,2002-03,Basketball,[],Harvard,352
25,2015-16,Basketball,[],Harvard,353
26,1969-70,Basketball,[],Harvard,354
27,2008-09,Basketball,[],Harvard,355
28,1977-78,Basketball,[],Harvard,356
29,1956-57,Basketball,[],Harvard,357
30,1972-73,Basketball,[],Harvard,358
31,1982-83,Basketball,[],Harvard,359
32,1995-96,Basketball,[],Harvard,360
33,1996-97,Basketball,[],Harvard,361
34,2007-08,Basketball,[],Harvard,362
35,2016-17,Basketball,[],Harvard,363
36,2005-06,Basketball,[],Harvard,364
37,1997-98,Basketball,[],Harvard,365
38,2009-10,Basketball,[],Harvard,366
39,1993-94,Basketball,[],Harvard,367
40,1959-60,Basketball,[],Harvard,368
41,1980-81,Basketball,[],Harvard,369
42,1986-87,Basketball,[],Harvard,370
43,2010-11,Basketball,[],Harvard,371
44,1990-91,Basketball,[],Harvard,372
45,1948-49,Basketball,[],Harvard,373
46,2000-01,Basketball,[],Harvard,374
47,1988-89,Basketball,[],Harvard,375
48,1975-76,Basketball,[],Harvard,376
49,1968-69,Basketball,[],Harvard,377
50,2011-12,Basketball,[],Harvard,378
51,1946-47,Basketball,[],Harvard,379
52,1955-56,Basketball,[],Harvard,380
53,1964-65,Basketball,[],Harvard,381
54,1957-58,Basketball,[],Harvard,382
55,1962-63,Basketball,[],Harvard,383
56,1991-92,Basketball,[],Harvard,384
57,1947-48,Basketball,[],Harvard,385
58,1984-85,Basketball,[],Harvard,386
59,1971-72,Basketball,[],Harvard,387
60,1945-46,Basketball,[],Harvard,388
61,1950-51,Basketball,[],Harvard,389
62,2006-07,Basketball,[],Harvard,390
63,1992-93,Basketball,[],Harvard,391
64,1961-62,Basketball,[],Harvard,392
65,2014-15,Basketball,[],Harvard,393
66,1958-59,Basketball,[],Harvard,394
67,1960-61,Basketball,[],Harvard,395
68,1970-71,Basketball,[],Harvard,396
69,1983-84,Basketball,[],Harvard,397
70,2004-05,Basketball,[],Harvard,398
71,1998-99,Basketball,[],Harvard,399
72,1952-53,Basketball,[],Harvard,400
73,1966-67,Basketball,[],Harvard,401
74,1974-75,Basketball,[],Harvard,402
75,1973-74,Basketball,[],Harvard,403
76,1981-82,Basketball,[],Harvard,404
77,1954-55,Basketball,[],Harvard,405
78,1979-80,Basketball,[],Harvard,406
79,1967-68,Basketball,[],Harvard,407
80,1953-54,Basketball,[],Harvard,408
81,1944-45,Basketball,[],Harvard,409
82,2008-09,Crew (Heavyweight),[],Harvard,410
83,2012-13,Crew (Heavyweight),[],Harvard,411
84,2014-15,Crew (Heavyweight),[],Harvard,412
85,2016-17,Crew (Heavyweight),[2185],Harvard,413
86,2009-10,Crew (Heavyweight),[],Harvard,414
87,2015-16,Crew (Heavyweight),[2185],Harvard,415
88,2011-12,Crew (Heavyweight),[],Harvard,416
89,2013-14,Crew (Heavyweight),[],Harvard,417
90,2010-11,Crew (Heavyweight),[],Harvard,418
91,2008-09,Crew (Lightweight),[],Harvard,419
92,2012-13,Crew (Lightweight),[],Harvard,420
93,2014-15,Crew (Lightweight),[],Harvard,421
94,2016-17,Crew (Lightweight),[],Harvard,422
95,2009-10,Crew (Lightweight),[1305],Harvard,423
96,2015-16,Crew (Lightweight),[],Harvard,424
97,2011-12,Crew (Lightweight),[1305],Harvard,425
98,2013-14,Crew (Lightweight),[],Harvard,426
99,2010-11,Crew (Lightweight),[],Harvard,427
100,2008-09,Cross Country,[],Harvard,428
101,2012-13,Cross Country,[],Harvard,429
102,2014-15,Cross Country,[],Harvard,430
103,2016-17,Cross Country,[],Harvard,431
104,2009-10,Cross Country,[],Harvard,432
105,2015-16,Cross Country,[],Harvard,433
106,2011-12,Cross Country,[],Harvard,434
107,2013-14,Cross Country,[],Harvard,435
108,2010-11,Cross Country,[],Harvard,436
109,2008-09,Fencing,[],Harvard,437
110,2012-13,Fencing,[],Harvard,438
111,2014-15,Fencing,[],Harvard,439
112,2016-17,Fencing,[],Harvard,440
113,2009-10,Fencing,[],Harvard,441
114,2015-16,Fencing,[],Harvard,442
115,2011-12,Fencing,[],Harvard,443
116,2013-14,Fencing,[],Harvard,444
117,2010-11,Fencing,[],Harvard,445
118,2008-09,Football,[],Harvard,446
119,2003-04,Football,[],Harvard,447
120,2012-13,Football,[2561],Harvard,448
121,2006-07,Football,[],Harvard,449
122,2007-08,Football,[],Harvard,450
123,2001-02,Football,[],Harvard,451
124,2005-06,Football,[],Harvard,452
125,2014-15,Football,"[2561, 814]",Harvard,453
126,2004-05,Football,[],Harvard,454
127,2016-17,Football,[],Harvard,455
128,2009-10,Football,[],Harvard,456
129,2000-01,Football,[],Harvard,457
130,2015-16,Football,[],Harvard,458
131,2011-12,Football,[2561],Harvard,459
132,2013-14,Football,[2561],Harvard,460
133,2002-03,Football,[],Harvard,461
134,2010-11,Football,[],Harvard,462
135,2008-09,Golf,[],Harvard,463
136,2012-13,Golf,[1730],Harvard,464
137,2014-15,Golf,[],Harvard,465
138,2016-17,Golf,[],Harvard,466
139,2009-10,Golf,[],Harvard,467
140,2015-16,Golf,[],Harvard,468
141,2011-12,Golf,[1730],Harvard,469
142,2013-14,Golf,[1730],Harvard,470
143,2010-11,Golf,[1730],Harvard,471
144,2008-09,Ice Hockey,[],Harvard,472
145,2003-04,Ice Hockey,[],Harvard,473
146,2012-13,Ice Hockey,[],Harvard,474
147,2006-07,Ice Hockey,[],Harvard,475
148,2007-08,Ice Hockey,[],Harvard,476
149,2014-15,Ice Hockey,[],Harvard,477
150,2004-05,Ice Hockey,[],Harvard,478
151,2016-17,Ice Hockey,[],Harvard,479
152,2009-10,Ice Hockey,[],Harvard,480
153,2005-06,Ice Hockey,[],Harvard,481
154,2015-16,Ice Hockey,[],Harvard,482
155,2011-12,Ice Hockey,[],Harvard,483
156,2013-14,Ice Hockey,[],Harvard,484
157,2002-03,Ice Hockey,[],Harvard,485
158,2010-11,Ice Hockey,[],Harvard,486
159,2008-09,Lacrosse,[2542],Harvard,487
160,2003-04,Lacrosse,[],Harvard,488
161,2012-13,Lacrosse,[],Harvard,489
162,2006-07,Lacrosse,[2542],Harvard,490
163,2007-08,Lacrosse,[2542],Harvard,491
164,2014-15,Lacrosse,[320],Harvard,492
165,2004-05,Lacrosse,[],Harvard,493
166,2016-17,Lacrosse,[],Harvard,494
167,2009-10,Lacrosse,[],Harvard,495
168,2005-06,Lacrosse,[],Harvard,496
169,2015-16,Lacrosse,[],Harvard,497
170,2011-12,Lacrosse,[],Harvard,498
171,2013-14,Lacrosse,[320],Harvard,499
172,2010-11,Lacrosse,[],Harvard,500
173,2008-09,Sailing (Coed),[],Harvard,501
174,2012-13,Sailing (Coed),[],Harvard,502
175,2014-15,Sailing (Coed),[],Harvard,503
176,2016-17,Sailing (Coed),[],Harvard,504
177,2009-10,Sailing (Coed),[],Harvard,505
178,2015-16,Sailing (Coed),[],Harvard,506
179,2011-12,Sailing (Coed),[],Harvard,507
180,2013-14,Sailing (Coed),[],Harvard,508
181,2010-11,Sailing (Coed),[],Harvard,509
182,2015-16,Skiing,[],Harvard,510
183,2016-17,Skiing,[],Harvard,511
184,2012-13,Skiing,[],Harvard,512
185,2013-14,Skiing,[],Harvard,513
186,2014-15,Skiing,[],Harvard,514
187,2016-17,Soccer,[],Harvard,515
188,2008-09,Squash,[],Harvard,516
189,2012-13,Squash,[],Harvard,517
190,2014-15,Squash,[],Harvard,518
191,2016-17,Squash,[],Harvard,519
192,2009-10,Squash,[],Harvard,520
193,2015-16,Squash,[],Harvard,521
194,2011-12,Squash,[],Harvard,522
195,2013-14,Squash,[],Harvard,523
196,2010-11,Squash,[],Harvard,524
197,2008-09,Swimming & Diving,[],Harvard,525
198,2012-13,Swimming & Diving,[],Harvard,526
199,2014-15,Swimming & Diving,[],Harvard,527
200,2016-17,Swimming & Diving,[],Harvard,528
201,2009-10,Swimming & Diving,[],Harvard,529
202,2015-16,Swimming & Diving,[],Harvard,530
203,2011-12,Swimming & Diving,[],Harvard,531
204,2013-14,Swimming & Diving,[],Harvard,532
205,2010-11,Swimming & Diving,[],Harvard,533
206,2008-09,Tennis,[],Harvard,534
207,2012-13,Tennis,[],Harvard,535
208,2007-08,Tennis,[],Harvard,536
209,2014-15,Tennis,[],Harvard,537
210,2016-17,Tennis,[],Harvard,538
211,2009-10,Tennis,[],Harvard,539
212,2015-16,Tennis,[],Harvard,540
213,2011-12,Tennis,[],Harvard,541
214,2013-14,Tennis,[],Harvard,542
215,2010-11,Tennis,[],Harvard,543
216,2008-09,Track & Field,[],Harvard,544
217,2012-13,Track & Field,[],Harvard,545
218,2014-15,Track & Field,[2048],Harvard,546
219,2016-17,Track & Field,[2048],Harvard,547
220,2009-10,Track & Field,[],Harvard,548
221,2015-16,Track & Field,[2048],Harvard,549
222,2011-12,Track & Field,[],Harvard,550
223,2013-14,Track & Field,[],Harvard,551
224,2010-11,Track & Field,[],Harvard,552
225,2008-09,Volleyball,[],Harvard,553
226,2012-13,Volleyball,[],Harvard,554
227,2014-15,Volleyball,[],Harvard,555
228,2016-17,Volleyball,[],Harvard,556
229,2009-10,Volleyball,[],Harvard,557
230,2015-16,Volleyball,[],Harvard,558
231,2011-12,Volleyball,[],Harvard,559
232,2013-14,Volleyball,[],Harvard,560
233,2010-11,Volleyball,[],Harvard,561
234,2008-09,Water Polo,[],Harvard,562
235,2012-13,Water Polo,[],Harvard,563
236,2007-08,Water Polo,[],Harvard,564
237,2014-15,Water Polo,[],Harvard,565
238,2016-17,Water Polo,[],Harvard,566
239,2009-10,Water Polo,[],Harvard,567
240,2015-16,Water Polo,[],Harvard,568
241,2011-12,Water Polo,[],Harvard,569
242,2013-14,Water Polo,[],Harvard,570
243,2010-11,Water Polo,[],Harvard,571
244,2008-09,Wrestling,[],Harvard,572
245,2012-13,Wrestling,[],Harvard,573
246,2014-15,Wrestling,[],Harvard,574
247,2016-17,Wrestling,[],Harvard,575
248,2009-10,Wrestling,[],Harvard,576
249,2015-16,Wrestling,[],Harvard,577
250,2011-12,Wrestling,[],Harvard,578
251,2013-14,Wrestling,[],Harvard,579
252,2010-11,Wrestling,[],Harvard,580
253,1989-90,Basketball,[],Harvard,581
254,1998-99,Basketball,[],Harvard,582
255,1987-88,Basketball,[],Harvard,583
256,2003-04,Basketball,[],Harvard,584
257,1994-95,Basketball,[],Harvard,585
258,1999-00,Basketball,[],Harvard,586
259,2012-13,Basketball,[],Harvard,587
260,2002-03,Basketball,[],Harvard,588
261,2015-16,Basketball,[],Harvard,589
262,2008-09,Basketball,[],Harvard,590
263,2013-14,Basketball,[],Harvard,591
264,1982-83,Basketball,[],Harvard,592
265,1995-96,Basketball,[],Harvard,593
266,1996-97,Basketball,[],Harvard,594
267,2016-17,Basketball,[],Harvard,595
268,2005-06,Basketball,[],Harvard,596
269,1997-98,Basketball,[],Harvard,597
270,2010-11,Basketball,[],Harvard,598
271,1980-81,Basketball,[],Harvard,599
272,1986-87,Basketball,[],Harvard,600
273,1990-91,Basketball,[],Harvard,601
274,2000-01,Basketball,[],Harvard,602
275,2001-02,Basketball,[],Harvard,603
276,2011-12,Basketball,[],Harvard,604
277,1991-92,Basketball,[],Harvard,605
278,1984-85,Basketball,[],Harvard,606
279,1993-94,Basketball,[],Harvard,607
280,1985-86,Basketball,[],Harvard,608
281,2006-07,Basketball,[],Harvard,609
282,1992-93,Basketball,[],Harvard,610
283,2007-08,Basketball,[],Harvard,611
284,2014-15,Basketball,[],Harvard,612
285,1983-84,Basketball,[],Harvard,613
286,2004-05,Basketball,[],Harvard,614
287,2009-10,Basketball,[],Harvard,615
288,1981-82,Basketball,[],Harvard,616
289,1979-80,Basketball,[],Harvard,617
290,1988-89,Basketball,[],Harvard,618
291,2008-09,Crew (Heavyweight),[2119],Harvard,619
292,2012-13,Crew (Heavyweight),[],Harvard,620
293,2014-15,Crew (Heavyweight),[],Harvard,621
294,2016-17,Crew (Heavyweight),[],Harvard,622
295,2009-10,Crew (Heavyweight),[2119],Harvard,623
296,2015-16,Crew (Heavyweight),[],Harvard,624
297,2011-12,Crew (Heavyweight),[],Harvard,625
298,2013-14,Crew (Heavyweight),[],Harvard,626
299,2010-11,Crew (Heavyweight),[2119],Harvard,627
300,2008-09,Crew (Lightweight),[],Harvard,628
301,2012-13,Crew (Lightweight),[],Harvard,629
302,2014-15,Crew (Lightweight),[],Harvard,630
303,2016-17,Crew (Lightweight),[],Harvard,631
304,2009-10,Crew (Lightweight),[],Harvard,632
305,2015-16,Crew (Lightweight),[],Harvard,633
306,2011-12,Crew (Lightweight),[],Harvard,634
307,2013-14,Crew (Lightweight),[],Harvard,635
308,2010-11,Crew (Lightweight),[],Harvard,636
309,2008-09,Fencing,[],Harvard,637
310,2012-13,Fencing,[],Harvard,638
311,2007-08,Fencing,[],Harvard,639
312,2014-15,Fencing,[],Harvard,640
313,2016-17,Fencing,[],Harvard,641
314,2009-10,Fencing,[],Harvard,642
315,2015-16,Fencing,[],Harvard,643
316,2011-12,Fencing,[],Harvard,644
317,2013-14,Fencing,[],Harvard,645
318,2010-11,Fencing,[],Harvard,646
319,2012-13,Field Hockey,[],Harvard,647
320,2014-15,Field Hockey,[],Harvard,648
321,2011-12,Field Hockey,[],Harvard,649
322,2016-17,Field Hockey,[],Harvard,650
323,2013-14,Field Hockey,[],Harvard,651
324,2015-16,Field Hockey,[],Harvard,652
325,2008-09,Golf,[],Harvard,653
326,2012-13,Golf,[],Harvard,654
327,2014-15,Golf,[],Harvard,655
328,2016-17,Golf,[243],Harvard,656
329,2009-10,Golf,[],Harvard,657
330,2015-16,Golf,[243],Harvard,658
331,2011-12,Golf,[],Harvard,659
332,2013-14,Golf,[],Harvard,660
333,2010-11,Golf,[],Harvard,661
334,2012-13,Ice Hockey,[],Harvard,662
335,2014-15,Ice Hockey,[],Harvard,663
336,2016-17,Ice Hockey,[],Harvard,664
337,2009-10,Ice Hockey,[],Harvard,665
338,2015-16,Ice Hockey,[],Harvard,666
339,2011-12,Ice Hockey,[],Harvard,667
340,2013-14,Ice Hockey,[],Harvard,668
341,2010-11,Ice Hockey,[],Harvard,669
342,2008-09,Lacrosse,[],Harvard,670
343,2012-13,Lacrosse,[],Harvard,671
344,2007-08,Lacrosse,[],Harvard,672
345,2014-15,Lacrosse,[],Harvard,673
346,2016-17,Lacrosse,[],Harvard,674
347,2009-10,Lacrosse,[],Harvard,675
348,2015-16,Lacrosse,[],Harvard,676
349,2011-12,Lacrosse,[],Harvard,677
350,2013-14,Lacrosse,[],Harvard,678
351,2010-11,Lacrosse,[],Harvard,679
352,2015-16,Rugby,[],Harvard,680
353,2016-17,Rugby,[],Harvard,681
354,2013-14,Rugby,[],Harvard,682
355,2014-15,Rugby,[],Harvard,683
356,2008-09,Soccer,[],Harvard,684
357,2012-13,Soccer,[],Harvard,685
358,2006-07,Soccer,[],Harvard,686
359,2007-08,Soccer,[],Harvard,687
360,2014-15,Soccer,[],Harvard,688
361,2004-05,Soccer,[],Harvard,689
362,2016-17,Soccer,[],Harvard,690
363,2009-10,Soccer,[],Harvard,691
364,2005-06,Soccer,[],Harvard,692
365,2015-16,Soccer,[],Harvard,693
366,2011-12,Soccer,[],Harvard,694
367,2013-14,Soccer,[],Harvard,695
368,2010-11,Soccer,[],Harvard,696
369,2008-09,Softball,[],Harvard,697
370,2012-13,Softball,[],Harvard,698
371,2014-15,Softball,[],Harvard,699
372,2016-17,Softball,[2626],Harvard,700
373,2009-10,Softball,[],Harvard,701
374,2015-16,Softball,[2626],Harvard,702
375,2011-12,Softball,[],Harvard,703
376,2013-14,Softball,[],Harvard,704
377,2010-11,Softball,[],Harvard,705
378,2008-09,Squash,[],Harvard,706
379,2012-13,Squash,[],Harvard,707
380,2014-15,Squash,[],Harvard,708
381,2016-17,Squash,[],Harvard,709
382,2009-10,Squash,[],Harvard,710
383,2015-16,Squash,[],Harvard,711
384,2011-12,Squash,[],Harvard,712
385,2013-14,Squash,[],Harvard,713
386,2010-11,Squash,[],Harvard,714
387,2008-09,Swimming & Diving,[],Harvard,715
388,2012-13,Swimming & Diving,[],Harvard,716
389,2014-15,Swimming & Diving,[],Harvard,717
390,2016-17,Swimming & Diving,[],Harvard,718
391,2009-10,Swimming & Diving,[],Harvard,719
392,2015-16,Swimming & Diving,[],Harvard,720
393,2011-12,Swimming & Diving,[],Harvard,721
394,2013-14,Swimming & Diving,[],Harvard,722
395,2010-11,Swimming & Diving,[],Harvard,723
396,2008-09,Tennis,[],Harvard,724
397,2012-13,Tennis,[],Harvard,725
398,2006-07,Tennis,[],Harvard,726
399,2007-08,Tennis,[],Harvard,727
400,2014-15,Tennis,[],Harvard,728
401,2016-17,Tennis,[],Harvard,729
402,2009-10,Tennis,[],Harvard,730
403,2005-06,Tennis,[],Harvard,731
404,2015-16,Tennis,[],Harvard,732
405,2011-12,Tennis,[],Harvard,733
406,2013-14,Tennis,[],Harvard,734
407,2010-11,Tennis,[],Harvard,735
408,2012-13,Volleyball,[],Harvard,736
409,2014-15,Volleyball,[],Harvard,737
410,2016-17,Volleyball,[],Harvard,738
411,2009-10,Volleyball,[653],Harvard,739
412,2015-16,Volleyball,[],Harvard,740
413,2011-12,Volleyball,[653],Harvard,741
414,2013-14,Volleyball,[],Harvard,742
415,2010-11,Volleyball,[653],Harvard,743
416,2008-09,Water Polo,[],Harvard,744
417,2012-13,Water Polo,[],Harvard,745
418,2007-08,Water Polo,[],Harvard,746
419,2014-15,Water Polo,[],Harvard,747
420,2016-17,Water Polo,[],Harvard,748
421,2009-10,Water Polo,[],Harvard,749
422,2015-16,Water Polo,[],Harvard,750
423,2011-12,Water Polo,[],Harvard,751
424,2013-14,Water Polo,[],Harvard,752
425,2010-11,Water Polo,[],Harvard,753
